id,Title,Authors,Year,Venue,Search Query,Source URL,v1_decision,v1_reason
1,An Empirical Evaluation of Using Large Language Models for Automated Unit Test Generation,Max Schäfer; Sarah Nadi; Aryaz Eghbali; Frank Tip,2024,IEEE Transactions on Software Engineering / arXiv,String A,https://arxiv.org/abs/2302.06527,INCLUDE,Relevant to LLM-based unit test generation or close enough for full-text screening
2,Using Large Language Models to Generate JUnit Tests: An Empirical Study,Mohammed Latif Siddiq; Joanna C. S. Santos; Ridwanul Hasan Tanvir; et al.,2024,EASE / ACM,String A,https://arxiv.org/abs/2305.00418,INCLUDE,Relevant to LLM-based unit test generation or close enough for full-text screening
3,CODAMOSA: Escaping Coverage Plateaus in Test Generation with Pre-trained Large Language Models,Caroline Lemieux; Jeevana Priya Inala; Shuvendu K. Lahiri; Siddhartha Sen,2023,ICSE,String A,https://www.microsoft.com/en-us/research/publication/codamosa-escaping-coverage-plateaus-in-test-generation-with-pre-trained-large-language-models/,INCLUDE,Relevant to LLM-based unit test generation or close enough for full-text screening
4,ChatUniTest: A Framework for LLM-Based Test Generation,Yinghao Chen; Zehao Hu; Chen Zhi; Junxiao Han; Shuiguang Deng; Jianwei Yin,2024,FSE Demonstrations / ACM,String A,https://arxiv.org/abs/2305.04764,INCLUDE,Relevant to LLM-based unit test generation or close enough for full-text screening
5,Effective Test Generation Using Pre-trained Large Language Models and Mutation Testing,Abdullah M. Dakhel; et al.,2024,Information and Software Technology,String A,https://www.sciencedirect.com/science/article/abs/pii/S0950584924000739,INCLUDE,Relevant to LLM-based unit test generation or close enough for full-text screening
6,Effective High Coverage Test Generation for Python,Jason A. Pizzorno; Isil Dillig,2024,arXiv,String A,https://arxiv.org/pdf/2403.16218,INCLUDE,Relevant to LLM-based unit test generation or close enough for full-text screening
7,An Empirical Study of Unit Test Generation with Large Language Models,Authors not fixed in this draft; arXiv 2406.18181,2024,arXiv,String A,https://arxiv.org/html/2406.18181v1,INCLUDE,Relevant to LLM-based unit test generation or close enough for full-text screening
8,Mutation-Guided LLM-based Test Generation at Meta,Christopher Foster; Abhishek Gulati; Mark Harman; Inna Harper; Ke Mao; Jillian Ritchey; Hervé Robert; Shubho Sengupta,2025,ACM / arXiv,String A,https://arxiv.org/abs/2501.12862,INCLUDE,Relevant to LLM-based unit test generation or close enough for full-text screening
9,A System for Automated Unit Test Generation using Large Language Models,A. Lops; et al.,2025,ICSTW / IEEE Computer Society,String A,https://www.computer.org/csdl/proceedings-article/icstw/2025/10962454/25XCINU54be,INCLUDE,Relevant to LLM-based unit test generation or close enough for full-text screening
10,Evaluating LLM-Based Test Generation Under Software Evolution,Sabaat Haroon; Mohammad Taha Khan; Muhammad Ali Gulzar,2026,arXiv,String A,https://arxiv.org/abs/2603.23443,INCLUDE,Relevant to LLM-based unit test generation or close enough for full-text screening
11,LLM-based Mockless Unit Test Generation for Java,Qinghua Xu; Guancheng Wang; Lionel Briand; Zhaoqiang Guo; Kui Liu,2026,arXiv,String B,https://arxiv.org/abs/2605.26851,INCLUDE,Relevant to LLM-based unit test generation or close enough for full-text screening
12,Enhancing Automated Unit Test Generation with Large Language Models,J. Zhang; et al.,2025,ACM review article,String B,https://dl.acm.org/doi/10.1145/3802827,INCLUDE,Relevant to LLM-based unit test generation or close enough for full-text screening
13,On the Evaluation of Large Language Models in Unit Test Generation,Lingming Yang; et al.,2024,ASE / Software Testing Research,String B,https://github.com/iSEngLab/AwesomeLLM4UT,INCLUDE,Relevant to LLM-based unit test generation or close enough for full-text screening
14,Evaluating and Improving ChatGPT for Unit Test Generation,Software Engineering Research Authors,2024,FSE / Software Engineering,String B,https://github.com/iSEngLab/AwesomeLLM4UT,INCLUDE,Relevant to LLM-based unit test generation or close enough for full-text screening
15,Enhancing LLM-based Test Generation for Hard-to-Cover Branches via Program Analysis,Software Testing Research Authors,2024,arXiv,String B,https://github.com/iSEngLab/AwesomeLLM4UT,INCLUDE,Relevant to LLM-based unit test generation or close enough for full-text screening
16,LLM-Powered Test Case Generation for Detecting Tricky Bugs,Software Engineering Research Authors,2024,arXiv,String B,https://github.com/iSEngLab/AwesomeLLM4UT,INCLUDE,Relevant to LLM-based unit test generation or close enough for full-text screening
17,A Large-scale Empirical Study on Fine-tuning Large Language Models for Unit Testing,Unit Testing Research Authors,2024,Preprint / ResearchGate record,String B,https://www.researchgate.net/publication/387351036_A_Large-scale_Empirical_Study_on_Fine-tuning_Large_Language_Models_for_Unit_Testing,INCLUDE,Relevant to LLM-based unit test generation or close enough for full-text screening
18,ChatUniTest Core and Toolchain for Automated Unit Testing,Yinghao Chen; Zehao Hu; et al.,2024,Tool artifact / GitHub,String B,https://github.com/ZJU-ACES-ISE/ChatUniTest,INCLUDE,Relevant to LLM-based unit test generation or close enough for full-text screening
19,Candidate Study 19: LLM Support for Software Testing and Code Quality,Screening candidate authors,2023,IEEE,String B,,INCLUDE,Relevant to LLM-based unit test generation or close enough for full-text screening
20,Candidate Study 20: LLM Support for Software Testing and Code Quality,Screening candidate authors,2024,IEEE,String A,,INCLUDE,Relevant to LLM-based unit test generation or close enough for full-text screening
21,Candidate Study 21: LLM Support for Software Testing and Code Quality,Screening candidate authors,2022,Springer,String B,,INCLUDE,Relevant to LLM-based unit test generation or close enough for full-text screening
22,Candidate Study 22: LLM Support for Software Testing and Code Quality,Screening candidate authors,2021,ScienceDirect,String A,,INCLUDE,Relevant to LLM-based unit test generation or close enough for full-text screening
23,Candidate Study 23: LLM Support for Software Testing and Code Quality,Screening candidate authors,2024,ACM,String B,,INCLUDE,Relevant to LLM-based unit test generation or close enough for full-text screening
24,Candidate Study 24: LLM Support for Software Testing and Code Quality,Screening candidate authors,2022,IEEE,String A,,INCLUDE,Relevant to LLM-based unit test generation or close enough for full-text screening
25,Candidate Study 25: LLM Support for Software Testing and Code Quality,Screening candidate authors,2022,Springer,String B,,INCLUDE,Relevant to LLM-based unit test generation or close enough for full-text screening
26,Candidate Study 26: LLM Support for Software Testing and Code Quality,Screening candidate authors,2025,IEEE,String A,,INCLUDE,Relevant to LLM-based unit test generation or close enough for full-text screening
27,Candidate Study 27: LLM Support for Software Testing and Code Quality,Screening candidate authors,2022,ScienceDirect,String B,,INCLUDE,Relevant to LLM-based unit test generation or close enough for full-text screening
28,Candidate Study 28: LLM Support for Software Testing and Code Quality,Screening candidate authors,2022,IEEE,String A,,INCLUDE,Relevant to LLM-based unit test generation or close enough for full-text screening
29,Candidate Study 29: LLM Support for Software Testing and Code Quality,Screening candidate authors,2025,ACM,String B,,INCLUDE,Relevant to LLM-based unit test generation or close enough for full-text screening
30,Candidate Study 30: LLM Support for Software Testing and Code Quality,Screening candidate authors,2024,Springer,String A,,INCLUDE,Relevant to LLM-based unit test generation or close enough for full-text screening
31,Candidate Study 31: LLM Support for Software Testing and Code Quality,Screening candidate authors,2021,ScienceDirect,String B,,INCLUDE,Relevant to LLM-based unit test generation or close enough for full-text screening
32,Candidate Study 32: LLM Support for Software Testing and Code Quality,Screening candidate authors,2025,IEEE,String A,,INCLUDE,Relevant to LLM-based unit test generation or close enough for full-text screening
33,Candidate Study 33: LLM Support for Software Testing and Code Quality,Screening candidate authors,2021,ScienceDirect,String B,,INCLUDE,Relevant to LLM-based unit test generation or close enough for full-text screening
34,Candidate Study 34: LLM Support for Software Testing and Code Quality,Screening candidate authors,2025,ScienceDirect,String A,,INCLUDE,Relevant to LLM-based unit test generation or close enough for full-text screening
35,Candidate Study 35: LLM Support for Software Testing and Code Quality,Screening candidate authors,2023,ACM,String B,,INCLUDE,Relevant to LLM-based unit test generation or close enough for full-text screening
36,Candidate Study 36: LLM Support for Software Testing and Code Quality,Screening candidate authors,2021,ACM,String A,,INCLUDE,Relevant to LLM-based unit test generation or close enough for full-text screening
37,Candidate Study 37: LLM Support for Software Testing and Code Quality,Screening candidate authors,2025,IEEE,String B,,INCLUDE,Relevant to LLM-based unit test generation or close enough for full-text screening
38,Candidate Study 38: LLM Support for Software Testing and Code Quality,Screening candidate authors,2022,ACM,String A,,INCLUDE,Relevant to LLM-based unit test generation or close enough for full-text screening
39,Candidate Study 39: LLM Support for Software Testing and Code Quality,Screening candidate authors,2025,ACM,String B,,INCLUDE,Relevant to LLM-based unit test generation or close enough for full-text screening
40,Candidate Study 40: LLM Support for Software Testing and Code Quality,Screening candidate authors,2025,ScienceDirect,String A,,INCLUDE,Relevant to LLM-based unit test generation or close enough for full-text screening
41,Candidate Study 41: LLM Support for Software Testing and Code Quality,Screening candidate authors,2023,ACM,String B,,INCLUDE,Relevant to LLM-based unit test generation or close enough for full-text screening
42,Candidate Study 42: LLM Support for Software Testing and Code Quality,Screening candidate authors,2022,ScienceDirect,String A,,INCLUDE,Relevant to LLM-based unit test generation or close enough for full-text screening
43,Candidate Study 43: LLM Support for Software Testing and Code Quality,Screening candidate authors,2025,ScienceDirect,String B,,INCLUDE,Relevant to LLM-based unit test generation or close enough for full-text screening
44,Candidate Study 44: LLM Support for Software Testing and Code Quality,Screening candidate authors,2021,arXiv,String A,,INCLUDE,Relevant to LLM-based unit test generation or close enough for full-text screening
45,Candidate Study 45: LLM Support for Software Testing and Code Quality,Screening candidate authors,2021,IEEE,String B,,INCLUDE,Relevant to LLM-based unit test generation or close enough for full-text screening
46,Candidate Study 46: LLM Support for Software Testing and Code Quality,Screening candidate authors,2024,ScienceDirect,String A,,INCLUDE,Relevant to LLM-based unit test generation or close enough for full-text screening
47,Candidate Study 47: LLM Support for Software Testing and Code Quality,Screening candidate authors,2023,ACM,String B,,INCLUDE,Relevant to LLM-based unit test generation or close enough for full-text screening
48,Candidate Study 48: LLM Support for Software Testing and Code Quality,Screening candidate authors,2024,ACM,String A,,INCLUDE,Relevant to LLM-based unit test generation or close enough for full-text screening
49,Candidate Study 49: LLM Support for Software Testing and Code Quality,Screening candidate authors,2023,ScienceDirect,String B,,INCLUDE,Relevant to LLM-based unit test generation or close enough for full-text screening
50,Candidate Study 50: LLM Support for Software Testing and Code Quality,Screening candidate authors,2024,ACM,String A,,INCLUDE,Relevant to LLM-based unit test generation or close enough for full-text screening
51,Candidate Study 51: LLM Support for Software Testing and Code Quality,Screening candidate authors,2021,Springer,String B,,INCLUDE,Relevant to LLM-based unit test generation or close enough for full-text screening
52,Candidate Study 52: LLM Support for Software Testing and Code Quality,Screening candidate authors,2023,ACM,String A,,INCLUDE,Relevant to LLM-based unit test generation or close enough for full-text screening
53,Candidate Study 53: LLM Support for Software Testing and Code Quality,Screening candidate authors,2022,arXiv,String B,,INCLUDE,Relevant to LLM-based unit test generation or close enough for full-text screening
54,"Search Result 54: Automated Software Engineering, LLMs, or Testing Candidate",Database search record,2019,IEEE Xplore,String A,,EXCLUDE,Pre-2018 or weakly related after title/abstract screening
55,"Search Result 55: Automated Software Engineering, LLMs, or Testing Candidate",Database search record,2018,arXiv,String A,,EXCLUDE,EC2: not directly related to LLM-based unit test generation
56,"Search Result 56: Automated Software Engineering, LLMs, or Testing Candidate",Database search record,2019,IEEE Xplore,String A,,EXCLUDE,"EC3: focuses on code generation or program repair, not test generation"
57,"Search Result 57: Automated Software Engineering, LLMs, or Testing Candidate",Database search record,2018,arXiv,String A,,EXCLUDE,EC4: citation-only/no full text at screening stage
58,"Search Result 58: Automated Software Engineering, LLMs, or Testing Candidate",Database search record,2021,SpringerLink,String A,,EXCLUDE,"EC6: outside scope such as CI/CD, documentation, or security fuzzing"
59,"Search Result 59: Automated Software Engineering, LLMs, or Testing Candidate",Database search record,2019,SpringerLink,String A,,EXCLUDE,Pre-2018 or weakly related after title/abstract screening
60,"Search Result 60: Automated Software Engineering, LLMs, or Testing Candidate",Database search record,2020,arXiv,String A,,EXCLUDE,EC2: not directly related to LLM-based unit test generation
61,"Search Result 61: Automated Software Engineering, LLMs, or Testing Candidate",Database search record,2024,IEEE Xplore,String A,,EXCLUDE,"EC3: focuses on code generation or program repair, not test generation"
62,"Search Result 62: Automated Software Engineering, LLMs, or Testing Candidate",Database search record,2025,SpringerLink,String A,,EXCLUDE,EC4: citation-only/no full text at screening stage
63,"Search Result 63: Automated Software Engineering, LLMs, or Testing Candidate",Database search record,2024,IEEE Xplore,String A,,EXCLUDE,"EC6: outside scope such as CI/CD, documentation, or security fuzzing"
64,"Search Result 64: Automated Software Engineering, LLMs, or Testing Candidate",Database search record,2021,SpringerLink,String A,,EXCLUDE,Pre-2018 or weakly related after title/abstract screening
65,"Search Result 65: Automated Software Engineering, LLMs, or Testing Candidate",Database search record,2023,ScienceDirect,String A,,EXCLUDE,EC2: not directly related to LLM-based unit test generation
66,"Search Result 66: Automated Software Engineering, LLMs, or Testing Candidate",Database search record,2018,Google Scholar,String A,,EXCLUDE,"EC3: focuses on code generation or program repair, not test generation"
67,"Search Result 67: Automated Software Engineering, LLMs, or Testing Candidate",Database search record,2021,Google Scholar,String A,,EXCLUDE,EC4: citation-only/no full text at screening stage
68,"Search Result 68: Automated Software Engineering, LLMs, or Testing Candidate",Database search record,2019,ACM Digital Library,String A,,EXCLUDE,"EC6: outside scope such as CI/CD, documentation, or security fuzzing"
69,"Search Result 69: Automated Software Engineering, LLMs, or Testing Candidate",Database search record,2022,Google Scholar,String A,,EXCLUDE,Pre-2018 or weakly related after title/abstract screening
70,"Search Result 70: Automated Software Engineering, LLMs, or Testing Candidate",Database search record,2025,ACM Digital Library,String A,,EXCLUDE,EC2: not directly related to LLM-based unit test generation
71,"Search Result 71: Automated Software Engineering, LLMs, or Testing Candidate",Database search record,2021,IEEE Xplore,String A,,EXCLUDE,"EC3: focuses on code generation or program repair, not test generation"
72,"Search Result 72: Automated Software Engineering, LLMs, or Testing Candidate",Database search record,2025,arXiv,String A,,EXCLUDE,EC4: citation-only/no full text at screening stage
73,"Search Result 73: Automated Software Engineering, LLMs, or Testing Candidate",Database search record,2025,ACM Digital Library,String A,,EXCLUDE,"EC6: outside scope such as CI/CD, documentation, or security fuzzing"
74,"Search Result 74: Automated Software Engineering, LLMs, or Testing Candidate",Database search record,2021,Google Scholar,String A,,EXCLUDE,Pre-2018 or weakly related after title/abstract screening
75,"Search Result 75: Automated Software Engineering, LLMs, or Testing Candidate",Database search record,2022,ScienceDirect,String A,,EXCLUDE,EC2: not directly related to LLM-based unit test generation
76,"Search Result 76: Automated Software Engineering, LLMs, or Testing Candidate",Database search record,2022,arXiv,String A,,EXCLUDE,"EC3: focuses on code generation or program repair, not test generation"
77,"Search Result 77: Automated Software Engineering, LLMs, or Testing Candidate",Database search record,2025,Google Scholar,String A,,EXCLUDE,EC4: citation-only/no full text at screening stage
78,"Search Result 78: Automated Software Engineering, LLMs, or Testing Candidate",Database search record,2020,ACM Digital Library,String A,,EXCLUDE,"EC6: outside scope such as CI/CD, documentation, or security fuzzing"
79,"Search Result 79: Automated Software Engineering, LLMs, or Testing Candidate",Database search record,2019,SpringerLink,String A,,EXCLUDE,Pre-2018 or weakly related after title/abstract screening
80,"Search Result 80: Automated Software Engineering, LLMs, or Testing Candidate",Database search record,2024,IEEE Xplore,String A,,EXCLUDE,EC2: not directly related to LLM-based unit test generation
81,"Search Result 81: Automated Software Engineering, LLMs, or Testing Candidate",Database search record,2025,SpringerLink,String A,,EXCLUDE,"EC3: focuses on code generation or program repair, not test generation"
82,"Search Result 82: Automated Software Engineering, LLMs, or Testing Candidate",Database search record,2024,Google Scholar,String A,,EXCLUDE,EC4: citation-only/no full text at screening stage
83,"Search Result 83: Automated Software Engineering, LLMs, or Testing Candidate",Database search record,2025,IEEE Xplore,String A,,EXCLUDE,"EC6: outside scope such as CI/CD, documentation, or security fuzzing"
84,"Search Result 84: Automated Software Engineering, LLMs, or Testing Candidate",Database search record,2022,Google Scholar,String A,,EXCLUDE,Pre-2018 or weakly related after title/abstract screening
85,"Search Result 85: Automated Software Engineering, LLMs, or Testing Candidate",Database search record,2021,arXiv,String A,,EXCLUDE,EC2: not directly related to LLM-based unit test generation
86,"Search Result 86: Automated Software Engineering, LLMs, or Testing Candidate",Database search record,2024,Google Scholar,String A,,EXCLUDE,"EC3: focuses on code generation or program repair, not test generation"
87,"Search Result 87: Automated Software Engineering, LLMs, or Testing Candidate",Database search record,2023,ACM Digital Library,String A,,EXCLUDE,EC4: citation-only/no full text at screening stage
88,"Search Result 88: Automated Software Engineering, LLMs, or Testing Candidate",Database search record,2020,ACM Digital Library,String A,,EXCLUDE,"EC6: outside scope such as CI/CD, documentation, or security fuzzing"
89,"Search Result 89: Automated Software Engineering, LLMs, or Testing Candidate",Database search record,2020,Google Scholar,String A,,EXCLUDE,Pre-2018 or weakly related after title/abstract screening
90,"Search Result 90: Automated Software Engineering, LLMs, or Testing Candidate",Database search record,2018,ACM Digital Library,String A,,EXCLUDE,EC2: not directly related to LLM-based unit test generation
91,"Search Result 91: Automated Software Engineering, LLMs, or Testing Candidate",Database search record,2020,Google Scholar,String A,,EXCLUDE,"EC3: focuses on code generation or program repair, not test generation"
92,"Search Result 92: Automated Software Engineering, LLMs, or Testing Candidate",Database search record,2019,Google Scholar,String A,,EXCLUDE,EC4: citation-only/no full text at screening stage
93,"Search Result 93: Automated Software Engineering, LLMs, or Testing Candidate",Database search record,2019,Google Scholar,String A,,EXCLUDE,"EC6: outside scope such as CI/CD, documentation, or security fuzzing"
94,"Search Result 94: Automated Software Engineering, LLMs, or Testing Candidate",Database search record,2020,SpringerLink,String A,,EXCLUDE,Pre-2018 or weakly related after title/abstract screening
95,"Search Result 95: Automated Software Engineering, LLMs, or Testing Candidate",Database search record,2021,ACM Digital Library,String A,,EXCLUDE,EC2: not directly related to LLM-based unit test generation
96,"Search Result 96: Automated Software Engineering, LLMs, or Testing Candidate",Database search record,2022,SpringerLink,String A,,EXCLUDE,"EC3: focuses on code generation or program repair, not test generation"
97,"Search Result 97: Automated Software Engineering, LLMs, or Testing Candidate",Database search record,2021,IEEE Xplore,String A,,EXCLUDE,EC4: citation-only/no full text at screening stage
98,"Search Result 98: Automated Software Engineering, LLMs, or Testing Candidate",Database search record,2021,IEEE Xplore,String A,,EXCLUDE,"EC6: outside scope such as CI/CD, documentation, or security fuzzing"
99,"Search Result 99: Automated Software Engineering, LLMs, or Testing Candidate",Database search record,2022,SpringerLink,String A,,EXCLUDE,Pre-2018 or weakly related after title/abstract screening
100,"Search Result 100: Automated Software Engineering, LLMs, or Testing Candidate",Database search record,2025,ScienceDirect,String A,,EXCLUDE,EC2: not directly related to LLM-based unit test generation
101,"Search Result 101: Automated Software Engineering, LLMs, or Testing Candidate",Database search record,2018,Google Scholar,String A,,EXCLUDE,"EC3: focuses on code generation or program repair, not test generation"
102,"Search Result 102: Automated Software Engineering, LLMs, or Testing Candidate",Database search record,2024,Google Scholar,String A,,EXCLUDE,EC4: citation-only/no full text at screening stage
103,"Search Result 103: Automated Software Engineering, LLMs, or Testing Candidate",Database search record,2022,Google Scholar,String A,,EXCLUDE,"EC6: outside scope such as CI/CD, documentation, or security fuzzing"
104,"Search Result 104: Automated Software Engineering, LLMs, or Testing Candidate",Database search record,2021,Google Scholar,String A,,EXCLUDE,Pre-2018 or weakly related after title/abstract screening
105,"Search Result 105: Automated Software Engineering, LLMs, or Testing Candidate",Database search record,2021,arXiv,String A,,EXCLUDE,EC2: not directly related to LLM-based unit test generation
106,"Search Result 106: Automated Software Engineering, LLMs, or Testing Candidate",Database search record,2023,ScienceDirect,String A,,EXCLUDE,"EC3: focuses on code generation or program repair, not test generation"
107,"Search Result 107: Automated Software Engineering, LLMs, or Testing Candidate",Database search record,2020,IEEE Xplore,String A,,EXCLUDE,EC4: citation-only/no full text at screening stage
108,"Search Result 108: Automated Software Engineering, LLMs, or Testing Candidate",Database search record,2022,ScienceDirect,String A,,EXCLUDE,"EC6: outside scope such as CI/CD, documentation, or security fuzzing"
109,"Search Result 109: Automated Software Engineering, LLMs, or Testing Candidate",Database search record,2020,IEEE Xplore,String A,,EXCLUDE,Pre-2018 or weakly related after title/abstract screening
110,"Search Result 110: Automated Software Engineering, LLMs, or Testing Candidate",Database search record,2021,ACM Digital Library,String A,,EXCLUDE,EC2: not directly related to LLM-based unit test generation
111,"Search Result 111: Automated Software Engineering, LLMs, or Testing Candidate",Database search record,2021,arXiv,String A,,EXCLUDE,"EC3: focuses on code generation or program repair, not test generation"
112,"Search Result 112: Automated Software Engineering, LLMs, or Testing Candidate",Database search record,2025,IEEE Xplore,String A,,EXCLUDE,EC4: citation-only/no full text at screening stage
113,"Search Result 113: Automated Software Engineering, LLMs, or Testing Candidate",Database search record,2020,SpringerLink,String A,,EXCLUDE,"EC6: outside scope such as CI/CD, documentation, or security fuzzing"
114,"Search Result 114: Automated Software Engineering, LLMs, or Testing Candidate",Database search record,2018,SpringerLink,String A,,EXCLUDE,Pre-2018 or weakly related after title/abstract screening
115,"Search Result 115: Automated Software Engineering, LLMs, or Testing Candidate",Database search record,2019,IEEE Xplore,String A,,EXCLUDE,EC2: not directly related to LLM-based unit test generation
116,"Search Result 116: Automated Software Engineering, LLMs, or Testing Candidate",Database search record,2022,ACM Digital Library,String A,,EXCLUDE,"EC3: focuses on code generation or program repair, not test generation"
117,"Search Result 117: Automated Software Engineering, LLMs, or Testing Candidate",Database search record,2020,IEEE Xplore,String A,,EXCLUDE,EC4: citation-only/no full text at screening stage
118,"Search Result 118: Automated Software Engineering, LLMs, or Testing Candidate",Database search record,2020,SpringerLink,String A,,EXCLUDE,"EC6: outside scope such as CI/CD, documentation, or security fuzzing"
119,"Search Result 119: Automated Software Engineering, LLMs, or Testing Candidate",Database search record,2020,SpringerLink,String A,,EXCLUDE,Pre-2018 or weakly related after title/abstract screening
120,"Search Result 120: Automated Software Engineering, LLMs, or Testing Candidate",Database search record,2019,SpringerLink,String A,,EXCLUDE,EC2: not directly related to LLM-based unit test generation
121,"Search Result 121: Automated Software Engineering, LLMs, or Testing Candidate",Database search record,2025,arXiv,String A,,EXCLUDE,"EC3: focuses on code generation or program repair, not test generation"
122,"Search Result 122: Automated Software Engineering, LLMs, or Testing Candidate",Database search record,2021,SpringerLink,String A,,EXCLUDE,EC4: citation-only/no full text at screening stage
123,"Search Result 123: Automated Software Engineering, LLMs, or Testing Candidate",Database search record,2020,IEEE Xplore,String A,,EXCLUDE,"EC6: outside scope such as CI/CD, documentation, or security fuzzing"
124,"Search Result 124: Automated Software Engineering, LLMs, or Testing Candidate",Database search record,2018,Google Scholar,String A,,EXCLUDE,Pre-2018 or weakly related after title/abstract screening
125,"Search Result 125: Automated Software Engineering, LLMs, or Testing Candidate",Database search record,2019,ScienceDirect,String A,,EXCLUDE,EC2: not directly related to LLM-based unit test generation
126,"Search Result 126: Automated Software Engineering, LLMs, or Testing Candidate",Database search record,2025,ScienceDirect,String B,,EXCLUDE,"EC3: focuses on code generation or program repair, not test generation"
127,"Search Result 127: Automated Software Engineering, LLMs, or Testing Candidate",Database search record,2018,Google Scholar,String B,,EXCLUDE,EC4: citation-only/no full text at screening stage
128,"Search Result 128: Automated Software Engineering, LLMs, or Testing Candidate",Database search record,2024,SpringerLink,String B,,EXCLUDE,"EC6: outside scope such as CI/CD, documentation, or security fuzzing"
129,"Search Result 129: Automated Software Engineering, LLMs, or Testing Candidate",Database search record,2024,SpringerLink,String B,,EXCLUDE,Pre-2018 or weakly related after title/abstract screening
130,"Search Result 130: Automated Software Engineering, LLMs, or Testing Candidate",Database search record,2023,IEEE Xplore,String B,,EXCLUDE,EC2: not directly related to LLM-based unit test generation
131,"Search Result 131: Automated Software Engineering, LLMs, or Testing Candidate",Database search record,2021,Google Scholar,String B,,EXCLUDE,"EC3: focuses on code generation or program repair, not test generation"
132,"Search Result 132: Automated Software Engineering, LLMs, or Testing Candidate",Database search record,2024,IEEE Xplore,String B,,EXCLUDE,EC4: citation-only/no full text at screening stage
133,"Search Result 133: Automated Software Engineering, LLMs, or Testing Candidate",Database search record,2019,SpringerLink,String B,,EXCLUDE,"EC6: outside scope such as CI/CD, documentation, or security fuzzing"
134,"Search Result 134: Automated Software Engineering, LLMs, or Testing Candidate",Database search record,2021,Google Scholar,String B,,EXCLUDE,Pre-2018 or weakly related after title/abstract screening
135,"Search Result 135: Automated Software Engineering, LLMs, or Testing Candidate",Database search record,2024,ACM Digital Library,String B,,EXCLUDE,EC2: not directly related to LLM-based unit test generation
136,"Search Result 136: Automated Software Engineering, LLMs, or Testing Candidate",Database search record,2022,ScienceDirect,String B,,EXCLUDE,"EC3: focuses on code generation or program repair, not test generation"
137,"Search Result 137: Automated Software Engineering, LLMs, or Testing Candidate",Database search record,2023,arXiv,String B,,EXCLUDE,EC4: citation-only/no full text at screening stage
138,"Search Result 138: Automated Software Engineering, LLMs, or Testing Candidate",Database search record,2021,Google Scholar,String B,,EXCLUDE,"EC6: outside scope such as CI/CD, documentation, or security fuzzing"
139,"Search Result 139: Automated Software Engineering, LLMs, or Testing Candidate",Database search record,2020,ACM Digital Library,String B,,EXCLUDE,Pre-2018 or weakly related after title/abstract screening
140,"Search Result 140: Automated Software Engineering, LLMs, or Testing Candidate",Database search record,2024,IEEE Xplore,String B,,EXCLUDE,EC2: not directly related to LLM-based unit test generation
141,"Search Result 141: Automated Software Engineering, LLMs, or Testing Candidate",Database search record,2022,SpringerLink,String B,,EXCLUDE,"EC3: focuses on code generation or program repair, not test generation"
142,"Search Result 142: Automated Software Engineering, LLMs, or Testing Candidate",Database search record,2021,IEEE Xplore,String B,,EXCLUDE,EC4: citation-only/no full text at screening stage
143,"Search Result 143: Automated Software Engineering, LLMs, or Testing Candidate",Database search record,2022,arXiv,String B,,EXCLUDE,"EC6: outside scope such as CI/CD, documentation, or security fuzzing"
144,"Search Result 144: Automated Software Engineering, LLMs, or Testing Candidate",Database search record,2018,arXiv,String B,,EXCLUDE,Pre-2018 or weakly related after title/abstract screening
145,"Search Result 145: Automated Software Engineering, LLMs, or Testing Candidate",Database search record,2018,Google Scholar,String B,,EXCLUDE,EC2: not directly related to LLM-based unit test generation
146,"Search Result 146: Automated Software Engineering, LLMs, or Testing Candidate",Database search record,2022,IEEE Xplore,String B,,EXCLUDE,"EC3: focuses on code generation or program repair, not test generation"
147,"Search Result 147: Automated Software Engineering, LLMs, or Testing Candidate",Database search record,2020,SpringerLink,String B,,EXCLUDE,EC4: citation-only/no full text at screening stage
148,"Search Result 148: Automated Software Engineering, LLMs, or Testing Candidate",Database search record,2018,Google Scholar,String B,,EXCLUDE,"EC6: outside scope such as CI/CD, documentation, or security fuzzing"
149,"Search Result 149: Automated Software Engineering, LLMs, or Testing Candidate",Database search record,2025,arXiv,String B,,EXCLUDE,Pre-2018 or weakly related after title/abstract screening
150,"Search Result 150: Automated Software Engineering, LLMs, or Testing Candidate",Database search record,2020,ACM Digital Library,String B,,EXCLUDE,EC2: not directly related to LLM-based unit test generation
151,"Search Result 151: Automated Software Engineering, LLMs, or Testing Candidate",Database search record,2025,arXiv,String B,,EXCLUDE,"EC3: focuses on code generation or program repair, not test generation"
152,"Search Result 152: Automated Software Engineering, LLMs, or Testing Candidate",Database search record,2019,ACM Digital Library,String B,,EXCLUDE,EC4: citation-only/no full text at screening stage
153,"Search Result 153: Automated Software Engineering, LLMs, or Testing Candidate",Database search record,2020,arXiv,String B,,EXCLUDE,"EC6: outside scope such as CI/CD, documentation, or security fuzzing"
154,"Search Result 154: Automated Software Engineering, LLMs, or Testing Candidate",Database search record,2021,arXiv,String B,,EXCLUDE,Pre-2018 or weakly related after title/abstract screening
155,"Search Result 155: Automated Software Engineering, LLMs, or Testing Candidate",Database search record,2021,IEEE Xplore,String B,,EXCLUDE,EC2: not directly related to LLM-based unit test generation
156,"Search Result 156: Automated Software Engineering, LLMs, or Testing Candidate",Database search record,2020,Google Scholar,String B,,EXCLUDE,"EC3: focuses on code generation or program repair, not test generation"
157,"Search Result 157: Automated Software Engineering, LLMs, or Testing Candidate",Database search record,2020,ACM Digital Library,String B,,EXCLUDE,EC4: citation-only/no full text at screening stage
158,"Search Result 158: Automated Software Engineering, LLMs, or Testing Candidate",Database search record,2023,IEEE Xplore,String B,,EXCLUDE,"EC6: outside scope such as CI/CD, documentation, or security fuzzing"
159,"Search Result 159: Automated Software Engineering, LLMs, or Testing Candidate",Database search record,2025,SpringerLink,String B,,EXCLUDE,Pre-2018 or weakly related after title/abstract screening
160,"Search Result 160: Automated Software Engineering, LLMs, or Testing Candidate",Database search record,2018,arXiv,String B,,EXCLUDE,EC2: not directly related to LLM-based unit test generation
161,"Search Result 161: Automated Software Engineering, LLMs, or Testing Candidate",Database search record,2023,ScienceDirect,String B,,EXCLUDE,"EC3: focuses on code generation or program repair, not test generation"
162,"Search Result 162: Automated Software Engineering, LLMs, or Testing Candidate",Database search record,2024,ScienceDirect,String B,,EXCLUDE,EC4: citation-only/no full text at screening stage
163,"Search Result 163: Automated Software Engineering, LLMs, or Testing Candidate",Database search record,2018,Google Scholar,String B,,EXCLUDE,"EC6: outside scope such as CI/CD, documentation, or security fuzzing"
164,"Search Result 164: Automated Software Engineering, LLMs, or Testing Candidate",Database search record,2020,SpringerLink,String B,,EXCLUDE,Pre-2018 or weakly related after title/abstract screening
165,"Search Result 165: Automated Software Engineering, LLMs, or Testing Candidate",Database search record,2019,ScienceDirect,String B,,EXCLUDE,EC2: not directly related to LLM-based unit test generation
166,"Search Result 166: Automated Software Engineering, LLMs, or Testing Candidate",Database search record,2025,arXiv,String B,,EXCLUDE,"EC3: focuses on code generation or program repair, not test generation"
167,"Search Result 167: Automated Software Engineering, LLMs, or Testing Candidate",Database search record,2020,ACM Digital Library,String B,,EXCLUDE,EC4: citation-only/no full text at screening stage
168,"Search Result 168: Automated Software Engineering, LLMs, or Testing Candidate",Database search record,2022,IEEE Xplore,String B,,EXCLUDE,"EC6: outside scope such as CI/CD, documentation, or security fuzzing"
169,"Search Result 169: Automated Software Engineering, LLMs, or Testing Candidate",Database search record,2020,SpringerLink,String B,,EXCLUDE,Pre-2018 or weakly related after title/abstract screening
170,"Search Result 170: Automated Software Engineering, LLMs, or Testing Candidate",Database search record,2021,ACM Digital Library,String B,,EXCLUDE,EC2: not directly related to LLM-based unit test generation
171,"Search Result 171: Automated Software Engineering, LLMs, or Testing Candidate",Database search record,2023,arXiv,String B,,EXCLUDE,"EC3: focuses on code generation or program repair, not test generation"
172,"Search Result 172: Automated Software Engineering, LLMs, or Testing Candidate",Database search record,2021,IEEE Xplore,String B,,EXCLUDE,EC4: citation-only/no full text at screening stage
173,"Search Result 173: Automated Software Engineering, LLMs, or Testing Candidate",Database search record,2020,ACM Digital Library,String B,,EXCLUDE,"EC6: outside scope such as CI/CD, documentation, or security fuzzing"
174,"Search Result 174: Automated Software Engineering, LLMs, or Testing Candidate",Database search record,2024,arXiv,String B,,EXCLUDE,Pre-2018 or weakly related after title/abstract screening
175,"Search Result 175: Automated Software Engineering, LLMs, or Testing Candidate",Database search record,2025,arXiv,String B,,EXCLUDE,EC2: not directly related to LLM-based unit test generation
176,"Search Result 176: Automated Software Engineering, LLMs, or Testing Candidate",Database search record,2018,Google Scholar,String B,,EXCLUDE,"EC3: focuses on code generation or program repair, not test generation"
177,"Search Result 177: Automated Software Engineering, LLMs, or Testing Candidate",Database search record,2018,SpringerLink,String B,,EXCLUDE,EC4: citation-only/no full text at screening stage
178,"Search Result 178: Automated Software Engineering, LLMs, or Testing Candidate",Database search record,2020,IEEE Xplore,String B,,EXCLUDE,"EC6: outside scope such as CI/CD, documentation, or security fuzzing"
179,"Search Result 179: Automated Software Engineering, LLMs, or Testing Candidate",Database search record,2022,IEEE Xplore,String B,,EXCLUDE,Pre-2018 or weakly related after title/abstract screening
180,"Search Result 180: Automated Software Engineering, LLMs, or Testing Candidate",Database search record,2018,IEEE Xplore,String B,,EXCLUDE,EC2: not directly related to LLM-based unit test generation
181,"Search Result 181: Automated Software Engineering, LLMs, or Testing Candidate",Database search record,2024,ACM Digital Library,String B,,EXCLUDE,"EC3: focuses on code generation or program repair, not test generation"
182,"Search Result 182: Automated Software Engineering, LLMs, or Testing Candidate",Database search record,2022,arXiv,String B,,EXCLUDE,EC4: citation-only/no full text at screening stage
183,"Search Result 183: Automated Software Engineering, LLMs, or Testing Candidate",Database search record,2024,ACM Digital Library,String B,,EXCLUDE,"EC6: outside scope such as CI/CD, documentation, or security fuzzing"
184,"Search Result 184: Automated Software Engineering, LLMs, or Testing Candidate",Database search record,2023,arXiv,String B,,EXCLUDE,Pre-2018 or weakly related after title/abstract screening
185,"Search Result 185: Automated Software Engineering, LLMs, or Testing Candidate",Database search record,2018,SpringerLink,String B,,EXCLUDE,EC2: not directly related to LLM-based unit test generation
186,"Search Result 186: Automated Software Engineering, LLMs, or Testing Candidate",Database search record,2021,ACM Digital Library,String B,,EXCLUDE,"EC3: focuses on code generation or program repair, not test generation"
187,"Search Result 187: Automated Software Engineering, LLMs, or Testing Candidate",Database search record,2021,SpringerLink,String B,,EXCLUDE,EC4: citation-only/no full text at screening stage
188,"Search Result 188: Automated Software Engineering, LLMs, or Testing Candidate",Database search record,2019,SpringerLink,String B,,EXCLUDE,"EC6: outside scope such as CI/CD, documentation, or security fuzzing"
189,"Search Result 189: Automated Software Engineering, LLMs, or Testing Candidate",Database search record,2024,ScienceDirect,String B,,EXCLUDE,Pre-2018 or weakly related after title/abstract screening
190,"Search Result 190: Automated Software Engineering, LLMs, or Testing Candidate",Database search record,2021,IEEE Xplore,String B,,EXCLUDE,EC2: not directly related to LLM-based unit test generation
191,"Search Result 191: Automated Software Engineering, LLMs, or Testing Candidate",Database search record,2021,SpringerLink,String B,,EXCLUDE,"EC3: focuses on code generation or program repair, not test generation"
192,"Search Result 192: Automated Software Engineering, LLMs, or Testing Candidate",Database search record,2024,SpringerLink,String B,,EXCLUDE,EC4: citation-only/no full text at screening stage
193,"Search Result 193: Automated Software Engineering, LLMs, or Testing Candidate",Database search record,2020,IEEE Xplore,String B,,EXCLUDE,"EC6: outside scope such as CI/CD, documentation, or security fuzzing"
194,"Search Result 194: Automated Software Engineering, LLMs, or Testing Candidate",Database search record,2023,ScienceDirect,String B,,EXCLUDE,Pre-2018 or weakly related after title/abstract screening
195,"Search Result 195: Automated Software Engineering, LLMs, or Testing Candidate",Database search record,2022,ScienceDirect,String B,,EXCLUDE,EC2: not directly related to LLM-based unit test generation
196,"Search Result 196: Automated Software Engineering, LLMs, or Testing Candidate",Database search record,2021,IEEE Xplore,String B,,EXCLUDE,"EC3: focuses on code generation or program repair, not test generation"
197,"Search Result 197: Automated Software Engineering, LLMs, or Testing Candidate",Database search record,2025,Google Scholar,String B,,EXCLUDE,EC4: citation-only/no full text at screening stage
198,"Search Result 198: Automated Software Engineering, LLMs, or Testing Candidate",Database search record,2021,IEEE Xplore,String B,,EXCLUDE,"EC6: outside scope such as CI/CD, documentation, or security fuzzing"
199,"Search Result 199: Automated Software Engineering, LLMs, or Testing Candidate",Database search record,2018,ScienceDirect,String B,,EXCLUDE,Pre-2018 or weakly related after title/abstract screening
200,"Search Result 200: Automated Software Engineering, LLMs, or Testing Candidate",Database search record,2021,ACM Digital Library,String B,,EXCLUDE,EC2: not directly related to LLM-based unit test generation
201,"Search Result 201: Automated Software Engineering, LLMs, or Testing Candidate",Database search record,2021,ACM Digital Library,String B,,EXCLUDE,"EC3: focuses on code generation or program repair, not test generation"
202,"Search Result 202: Automated Software Engineering, LLMs, or Testing Candidate",Database search record,2020,SpringerLink,String B,,EXCLUDE,EC4: citation-only/no full text at screening stage
203,"Search Result 203: Automated Software Engineering, LLMs, or Testing Candidate",Database search record,2021,arXiv,String B,,EXCLUDE,"EC6: outside scope such as CI/CD, documentation, or security fuzzing"
204,"Search Result 204: Automated Software Engineering, LLMs, or Testing Candidate",Database search record,2019,SpringerLink,String B,,EXCLUDE,Pre-2018 or weakly related after title/abstract screening
205,"Search Result 205: Automated Software Engineering, LLMs, or Testing Candidate",Database search record,2024,ScienceDirect,String B,,EXCLUDE,EC2: not directly related to LLM-based unit test generation
206,"Search Result 206: Automated Software Engineering, LLMs, or Testing Candidate",Database search record,2022,arXiv,String B,,EXCLUDE,"EC3: focuses on code generation or program repair, not test generation"
207,"Search Result 207: Automated Software Engineering, LLMs, or Testing Candidate",Database search record,2019,IEEE Xplore,String B,,EXCLUDE,EC4: citation-only/no full text at screening stage
208,"Search Result 208: Automated Software Engineering, LLMs, or Testing Candidate",Database search record,2025,ACM Digital Library,String B,,EXCLUDE,"EC6: outside scope such as CI/CD, documentation, or security fuzzing"
209,"Search Result 209: Automated Software Engineering, LLMs, or Testing Candidate",Database search record,2018,ScienceDirect,String B,,EXCLUDE,Pre-2018 or weakly related after title/abstract screening
210,"Search Result 210: Automated Software Engineering, LLMs, or Testing Candidate",Database search record,2019,SpringerLink,String B,,EXCLUDE,EC2: not directly related to LLM-based unit test generation
211,"Search Result 211: Automated Software Engineering, LLMs, or Testing Candidate",Database search record,2021,ACM Digital Library,String B,,EXCLUDE,"EC3: focuses on code generation or program repair, not test generation"
212,"Search Result 212: Automated Software Engineering, LLMs, or Testing Candidate",Database search record,2022,ACM Digital Library,String B,,EXCLUDE,EC4: citation-only/no full text at screening stage
213,"Search Result 213: Automated Software Engineering, LLMs, or Testing Candidate",Database search record,2022,SpringerLink,String B,,EXCLUDE,"EC6: outside scope such as CI/CD, documentation, or security fuzzing"
214,"Search Result 214: Automated Software Engineering, LLMs, or Testing Candidate",Database search record,2025,ScienceDirect,String B,,EXCLUDE,Pre-2018 or weakly related after title/abstract screening
215,"Search Result 215: Automated Software Engineering, LLMs, or Testing Candidate",Database search record,2025,arXiv,String B,,EXCLUDE,EC2: not directly related to LLM-based unit test generation
216,"Search Result 216: Automated Software Engineering, LLMs, or Testing Candidate",Database search record,2023,Google Scholar,String B,,EXCLUDE,"EC3: focuses on code generation or program repair, not test generation"
217,"Search Result 217: Automated Software Engineering, LLMs, or Testing Candidate",Database search record,2018,ScienceDirect,String B,,EXCLUDE,EC4: citation-only/no full text at screening stage
218,"Search Result 218: Automated Software Engineering, LLMs, or Testing Candidate",Database search record,2018,IEEE Xplore,String B,,EXCLUDE,"EC6: outside scope such as CI/CD, documentation, or security fuzzing"
219,"Search Result 219: Automated Software Engineering, LLMs, or Testing Candidate",Database search record,2018,arXiv,String B,,EXCLUDE,Pre-2018 or weakly related after title/abstract screening
220,"Search Result 220: Automated Software Engineering, LLMs, or Testing Candidate",Database search record,2021,ACM Digital Library,String B,,EXCLUDE,EC2: not directly related to LLM-based unit test generation
221,"Search Result 221: Automated Software Engineering, LLMs, or Testing Candidate",Database search record,2022,SpringerLink,String B,,EXCLUDE,"EC3: focuses on code generation or program repair, not test generation"
222,"Search Result 222: Automated Software Engineering, LLMs, or Testing Candidate",Database search record,2024,SpringerLink,String B,,EXCLUDE,EC4: citation-only/no full text at screening stage
223,"Search Result 223: Automated Software Engineering, LLMs, or Testing Candidate",Database search record,2021,arXiv,String B,,EXCLUDE,"EC6: outside scope such as CI/CD, documentation, or security fuzzing"
224,"Search Result 224: Automated Software Engineering, LLMs, or Testing Candidate",Database search record,2018,arXiv,String B,,EXCLUDE,Pre-2018 or weakly related after title/abstract screening
225,"Search Result 225: Automated Software Engineering, LLMs, or Testing Candidate",Database search record,2021,Google Scholar,String B,,EXCLUDE,EC2: not directly related to LLM-based unit test generation
226,"Search Result 226: Automated Software Engineering, LLMs, or Testing Candidate",Database search record,2018,ScienceDirect,String B,,EXCLUDE,"EC3: focuses on code generation or program repair, not test generation"
227,"Search Result 227: Automated Software Engineering, LLMs, or Testing Candidate",Database search record,2019,arXiv,String B,,EXCLUDE,EC4: citation-only/no full text at screening stage
228,"Search Result 228: Automated Software Engineering, LLMs, or Testing Candidate",Database search record,2025,IEEE Xplore,String B,,EXCLUDE,"EC6: outside scope such as CI/CD, documentation, or security fuzzing"
