id,title,authors,year,venue,search_strings,v1_decision,v1_reason,v2_decision,v2_reason
1,Comparative analysis of large language model tools for automated test data generation from bdd,"I Mendoza, F Silva Filho, G Medeiros, A Paes… - Simpósio Brasileiro de …, 2024",2026,sol.sbc.org.br,String A,INCLUDE,,INCLUDE,
2,A Comparative Study of LLMs for Gherkin Generation,"H Fernandes, M Perkusich, D Albuquerque… - Simpósio Brasileiro de …, 2025",2026,sol.sbc.org.br,String A; String B,INCLUDE,,INCLUDE,
3,Increasing test coverage by automating bdd tests in proofs of concepts (pocs) using llm,"SRR Santos, RES Fernandes, MCB Santos… - Proceedings of the XXIII …, 2024",2026,dl.acm.org,String A; String B,INCLUDE,,EXCLUDE,"EC4 - Chỉ bàn về test execution/maintenance, không sinh test tự động BDD"
4,Baseline evaluation of llm-facilitated ui test-case generation from gherkin specifications,"A Poth, O Rrjolli, H Wang, K Schmid - European Conference on Software …, 2025",2026,Springer,String A; String B,INCLUDE,,INCLUDE,
5,Comprehensive evaluation and insights into the use of large language models in the automation of behavior-driven development acceptance test formulation,"S Karpurapu, S Myneni, U Nettur, LS Gajja… - IEEE …, 2024",2026,ieeexplore.ieee.org,String A; String B,INCLUDE,,EXCLUDE,"EC4 - Chỉ bàn về test execution/maintenance, không sinh test tự động BDD"
6,Acceptance test generation with large language models: An industrial case study,"M Ferreira, L Viegas, JP Faria… - 2025 IEEE/ACM …, 2025",2026,ieeexplore.ieee.org,String A; String B,INCLUDE,,EXCLUDE,"EC4 - Chỉ bàn về test execution/maintenance, không sinh test tự động BDD"
7,Automated Test Generation Using LLM Based on BDD: A Comparative Study,"SRR dos Santos, LFC dos Santos, MVS Silva…",2026,scitepress.org,String A; String B,INCLUDE,,INCLUDE,
8,Behaviour Driven Development Scenario Generation with Large Language Models,"A Rathnayake, M Shahin, G Abaei - arXiv preprint arXiv:2603.04729, 2026",2026,arxiv.org,String A; String B,INCLUDE,,INCLUDE,
9,LLM-based Behaviour Driven Development for Hardware Design,"R Drechsler, Q Liu - arXiv preprint arXiv:2512.17814, 2025",2026,arxiv.org,String A,INCLUDE,,EXCLUDE,"EC4 - Chỉ bàn về test execution/maintenance, không sinh test tự động BDD"
10,Reverse-Engineering and Automating BDD for Modern Software Development with LLMs,"SB Patel, S Nigam, S Mahale - 2025 IEEE International …, 2025",2026,ieeexplore.ieee.org,String A; String B,INCLUDE,,EXCLUDE,"EC4 - Chỉ bàn về test execution/maintenance, không sinh test tự động BDD"
11,Comparison of Methods for Automated BDD Scenario Generation with NLP and AI,"LI Matveeva, V Kunštár, K Jelemenská… - 2025 5th International …, 2025",2026,ieeexplore.ieee.org,String A; String B,INCLUDE,,INCLUDE,
12,E2Edev: Benchmarking Large Language Models in End-to-End Software Development Task,"J Liu, C Huang, Z Guan, W Lei, Y Deng - arXiv preprint arXiv:2510.14509, 2025",2026,arxiv.org,String A; String B,EXCLUDE,EC4 - Không liên quan sinh test tự động BDD/Gherkin hoặc không dùng LLM,EXCLUDE,"EC4 - Chỉ bàn về test execution/maintenance, không sinh test tự động BDD"
13,Agentic AI for Behavior-Driven Development Testing Using Large Language Models.,"C Paduraru, M Zavelca, A Stefanescu - ICAART (2), 2025",2026,researchgate.net,String A; String B,INCLUDE,,INCLUDE,
14,Automating Behavior-Driven Development with Large Language Models: Exploring Test Case Generation for Fintech projects,N Tesfalidet,2025,diva-portal.org,String A; String B,INCLUDE,,EXCLUDE,"EC4 - Chỉ bàn về test execution/maintenance, không sinh test tự động BDD"
15,[TRÍCH DẪN] Automating Behavior-Driven Development with Generative AI: Enhancing Efficiency in Test Automation,"SK Tiwari - Frontiers in Emerging Computer Science and …, 2025",2026,Google Scholar,String A; String B,INCLUDE,,INCLUDE,
16,The Role of Machine Learning and Large Language Models in Software Testing and Validation,"Y Hachaïchi, MA Ouerghi - 2025 IEEE 22nd International …, 2025",2026,ieeexplore.ieee.org,String A; String B,EXCLUDE,EC4 - Không liên quan sinh test tự động BDD/Gherkin hoặc không dùng LLM,EXCLUDE,"EC4 - Chỉ bàn về test execution/maintenance, không sinh test tự động BDD"
17,Guidelines for Adopting Behavior-Driven Development (BDD): A Case Study,"SRR dos Santos, MVS Silva, MCB dos Santos…",2026,scitepress.org,String A,EXCLUDE,EC4 - Không liên quan sinh test tự động BDD/Gherkin hoặc không dùng LLM,EXCLUDE,"EC4 - Chỉ bàn về test execution/maintenance, không sinh test tự động BDD"
18,AUGMENTING SOFTWARE TESTING AND AUTOMATION THROUGH BEHAVIOR-DRIVEN DEVELOPMENT (BDD) AND ARTIFICIAL INTELLIGENCE,K Dhir,2026,researchgate.net,String A; String B,EXCLUDE,EC4 - Không liên quan sinh test tự động BDD/Gherkin hoặc không dùng LLM,EXCLUDE,"EC4 - Chỉ bàn về test execution/maintenance, không sinh test tự động BDD"
19,An Experiment with Focus on Security Through Large-Language Models Using Behavior-Driven Development,"S Santos, T Pimentel, M Silva, L Santos, F Rocha…",2025,preprints.org,String A,EXCLUDE,EC4 - Không liên quan sinh test tự động BDD/Gherkin hoặc không dùng LLM,EXCLUDE,"EC4 - Chỉ bàn về test execution/maintenance, không sinh test tự động BDD"
20,Guidelines for the adoption of behavior-driven development (BDD): an approach with design science research,SRR Santos,2025,ri.ufs.br,String A; String B,EXCLUDE,EC4 - Không liên quan sinh test tự động BDD/Gherkin hoặc không dùng LLM,EXCLUDE,"EC4 - Chỉ bàn về test execution/maintenance, không sinh test tự động BDD"
21,THESIS/THÈSE,M GALLOY,2026,pure.unamur.be,String A,EXCLUDE,EC4 - Không liên quan sinh test tự động BDD/Gherkin hoặc không dùng LLM,EXCLUDE,"EC4 - Chỉ bàn về test execution/maintenance, không sinh test tự động BDD"
22,Exploring behavior-driven development for code generation,"Y Liang, C Gan, R Ying, Z Cui - International Conference on Intelligent …, 2025",2026,Springer,String A,EXCLUDE,EC4 - Không liên quan sinh test tự động BDD/Gherkin hoặc không dùng LLM,EXCLUDE,"EC4 - Chỉ bàn về test execution/maintenance, không sinh test tự động BDD"
23,From bugs to benefits: Improving user stories by leveraging crowd knowledge with cruise-ac,"S Schwedt, T Ströder - arXiv preprint arXiv:2501.15181, 2025",2026,arxiv.org,String A,EXCLUDE,EC4 - Không liên quan sinh test tự động BDD/Gherkin hoặc không dùng LLM,EXCLUDE,"EC4 - Chỉ bàn về test execution/maintenance, không sinh test tự động BDD"
24,"Selfbehave, generating a synthetic behaviour-driven development dataset using self-instruct","M Galloy, M Balfroid, B Vanderose… - … on Software Testing …, 2025",2026,ieeexplore.ieee.org,String A; String B,EXCLUDE,EC4 - Không liên quan sinh test tự động BDD/Gherkin hoặc không dùng LLM,EXCLUDE,"EC4 - Chỉ bàn về test execution/maintenance, không sinh test tự động BDD"
25,First experiments on automated execution of gherkin test specifications with collaborating llm agents,"S Bergsmann, A Schmidt, S Fischer… - Proceedings of the 15th …, 2024",2026,dl.acm.org,String A,UNSURE,Không rõ bài nghiên cứu có số liệu kết quả thực nghiệm chi tiết không,EXCLUDE,"EC4 - Chỉ bàn về test execution/maintenance, không sinh test tự động BDD"
26,Exploring Behavior-Driven Development,"Y Liang, C Gan, R Ying, Z Cui - … ICIC 2025, Ningbo, China, July 26 …, 2025",2026,books.google.com,String A,EXCLUDE,EC4 - Không liên quan sinh test tự động BDD/Gherkin hoặc không dùng LLM,EXCLUDE,"EC4 - Chỉ bàn về test execution/maintenance, không sinh test tự động BDD"
27,Streamlining Acceptance Test Generation for Mobile Applications Through Large Language Models: An Industrial Case Study,"PL Fonseca, B Lima, JP Faria - arXiv preprint arXiv:2510.18861, 2025",2026,arxiv.org,String A; String B,INCLUDE,,EXCLUDE,"EC4 - Chỉ bàn về test execution/maintenance, không sinh test tự động BDD"
28,Prompt-Based Automation of Agile Requirements Documentation: Design for Limited-Infrastructure Environment,"R Kruk, N Zhukovska - Моделювання, керування та …, 2025",2026,mcitjournal.org.ua,String A,EXCLUDE,EC4 - Không liên quan sinh test tự động BDD/Gherkin hoặc không dùng LLM,EXCLUDE,"EC4 - Chỉ bàn về test execution/maintenance, không sinh test tự động BDD"
29,Private GPTs for LLM-driven testing in software development and machine learning,"J Jagielski, C Rojas, M Abel - arXiv preprint arXiv:2506.06509, 2025",2026,arxiv.org,String A,EXCLUDE,EC4 - Không liên quan sinh test tự động BDD/Gherkin hoặc không dùng LLM,EXCLUDE,"EC4 - Chỉ bàn về test execution/maintenance, không sinh test tự động BDD"
30,Exploratory Study on Private GPTs for LLM-Driven Test Generation in Software and Machine Learning Development,"J Jagielski, C Rojas, M Abel - 2025 2nd International …, 2025",2026,ieeexplore.ieee.org,String A,EXCLUDE,EC4 - Không liên quan sinh test tự động BDD/Gherkin hoặc không dùng LLM,,
31,Automated Generation and Refinement of Agile User Stories from Game Design Documents Using Large Language Models,"W Khelifa, B Bouchard, G Imbeau - Proceedings of the 2026 9th …, 2026",2026,dl.acm.org,String A,INCLUDE,,,
32,Engineering Prompt-Orchestrated LLM Workflows for Automated Test Case Generation in Agile Environments.,"FA Almeyda Alania… - International …, 2025",2026,search.ebscohost.com,String A; String B,EXCLUDE,EC4 - Không liên quan sinh test tự động BDD/Gherkin hoặc không dùng LLM,,
33,From law to Gherkin: A human-centred quasi-experiment on the quality of LLM-generated behavioural specifications from food-safety regulations,"S Hassani, M Sabetzadeh, D Amyot - Information and Software Technology, 2026",2026,Elsevier,String A,INCLUDE,,,
34,Benchmarking AI-Facilitated UI Test-Script Generation: A Reproducible Evaluation Framework,"A Poth, O Rrjolli, H Wang - European Conference on Software Process …, 2025",2026,Springer,String A; String B,EXCLUDE,EC4 - Không liên quan sinh test tự động BDD/Gherkin hoặc không dùng LLM,,
35,Can llms generate user stories and assess their quality?,"G Quattrocchi, L Pasquale, P Spoletini… - IEEE Transactions on …, 2026",2026,ieeexplore.ieee.org,String A,INCLUDE,,,
36,Think Like an Engineer: A Neuro-Symbolic Collaboration Agent for Generative Software Requirements Elicitation and Self-Review,"S Zhang, Z Xing, J Chen, D Zhao, Z Zhu… - arXiv preprint arXiv …, 2025",2026,arxiv.org,String A; String B,EXCLUDE,EC4 - Không liên quan sinh test tự động BDD/Gherkin hoặc không dùng LLM,,
37,Augmenting software quality assurance with AI and automation using PyTest-BDD,"X Zhao, H Wang, JQ Ding, Z Hu, Q Tian… - Automated Software …, 2026",2026,Springer,String A; String B,EXCLUDE,EC4 - Không liên quan sinh test tự động BDD/Gherkin hoặc không dùng LLM,,
38,Geração automática de autômatos finitos a partir de especificações de desenvolvimento orientado por comportamento.,JP LIMA FILHO,2025,dspace.sti.ufcg.edu.br,String A,EXCLUDE,EC4 - Không liên quan sinh test tự động BDD/Gherkin hoặc không dùng LLM,,
39,Use of chatgpt as an assistant in the end-to-end test script generation for android apps,"B García, M Leotta, F Ricca, J Whitehead - Proceedings of the 15th ACM …, 2024",2026,dl.acm.org,String A; String B,EXCLUDE,EC4 - Không liên quan sinh test tự động BDD/Gherkin hoặc không dùng LLM,,
40,SELF-INSTRUCT,"M Galloy, M Balfroid, B Vanderose, X Devroey",2026,xdevroey.be,String A; String B,EXCLUDE,EC4 - Không liên quan sinh test tự động BDD/Gherkin hoặc không dùng LLM,,
41,LARGE LANGUAGE MODELS IN HIGH-LEVEL SOFTWARE TESTING,T Grönberg,2026,trepo.tuni.fi,String A; String B,EXCLUDE,EC4 - Không liên quan sinh test tự động BDD/Gherkin hoặc không dùng LLM,,
42,Da Gherkin a Selenium: Valutazione Empirica e Prototipo di uno Strumento per la Generazione di Test End-to-End basata su LLM,A Akimbetova,2026,unire.unige.it,String A,INCLUDE,,,
43,AutomTest 3.0: An automated test-case generation tool from User Story processing powered with LLMs,"JG Santos, RSP Maciel - … Brasileiro de Engenharia de Software (SBES …, 2024",2026,sol.sbc.org.br,String A; String B,INCLUDE,,,
44,Automated derivation of uml sequence diagrams from user stories: Unleashing the power of generative ai vs. a rule-based approach,"M Jahan, MM Hassan, R Golpayegani… - Proceedings of the …, 2024",2026,dl.acm.org,String A,INCLUDE,,,
45,Towards a Gherkin-Based Requirement Verification Approach in MBSE,"D Hoffmann, SR Ammana, AJ Dsouza… - 2025 IEEE …, 2025",2026,ieeexplore.ieee.org,String A; String B,EXCLUDE,EC4 - Không liên quan sinh test tự động BDD/Gherkin hoặc không dùng LLM,,
46,Leveraging text generation for enhanced user story quality,CA dos Santos,2025,constellation.uqac.ca,String A,EXCLUDE,EC4 - Không liên quan sinh test tự động BDD/Gherkin hoặc không dùng LLM,,
47,LLM-Assisted Repository-Level Generation with Structured Spec-Driven Engineering,"S Feng, B Chen, BH Meyer, G Mussbacher - arXiv preprint arXiv …, 2026",2026,arxiv.org,String A; String B,EXCLUDE,EC4 - Không liên quan sinh test tự động BDD/Gherkin hoặc không dùng LLM,,
48,Empowering agile-based generative software development through human-ai teamwork,"S Zhang, Z Xing, R Guo, F Xu, L Chen… - ACM Transactions on …, 2025",2026,dl.acm.org,String A,EXCLUDE,EC4 - Không liên quan sinh test tự động BDD/Gherkin hoặc không dùng LLM,,
49,Towards Integrating Behavior-Driven Development in Mobile Development: An Experience Report,"Q Hao, R Liu - Proceedings of the 56th ACM Technical Symposium on …, 2025",2026,dl.acm.org,String A,EXCLUDE,EC4 - Không liên quan sinh test tự động BDD/Gherkin hoặc không dùng LLM,,
50,An Aggregated Dataset of Agile User Stories and Use Case Taxonomy for AI-Driven Research.,"A Alhaizaey, M Al-Mashari - International Journal of …, 2025",2026,search.ebscohost.com,String A,INCLUDE,,,
51,Spec-Driven Development: From Code to Contract in the Age of AI Coding Assistants,"DB Piskala - arXiv preprint arXiv:2602.00180, 2026",2026,arxiv.org,String A,EXCLUDE,EC4 - Không liên quan sinh test tự động BDD/Gherkin hoặc không dùng LLM,,
52,Mining Subscenario Refactoring Opportunities in Behaviour-Driven Software Test Suites: ML Classifiers and LLM-Judge Baselines,"AH Mughal, N Fatima, M Bilal - arXiv preprint arXiv:2605.14568, 2026",2026,arxiv.org,String A; String B,INCLUDE,,,
53,Improving Software Quality Framework Using Artificial Intelligence Platforms,"SM Pendyala - AI Frameworks and Tools for Software Development, 2025",2026,igi-global.com,String A; String B,EXCLUDE,EC4 - Không liên quan sinh test tự động BDD/Gherkin hoặc không dùng LLM,,
54,"A process-centric review of large language models in graphical user interface testing: architectures, lifecycle impact, and challenges","MP Trong, NT Son, VT Giang, BH Viet, LN Hai… - PeerJ Computer …, 2026",2026,peerj.com,String A; String B,EXCLUDE,EC4 - Không liên quan sinh test tự động BDD/Gherkin hoặc không dùng LLM,,
55,Prompt Engineering for Analyzing Acceptance Criteria for Functional Requirements,"L Rutledge, K van der Kruk - … on Business Modeling and Software Design, 2025",2026,Springer,String A,EXCLUDE,EC4 - Không liên quan sinh test tự động BDD/Gherkin hoặc không dùng LLM,,
56,Ai-generated test scripts for web e2e testing with chatgpt and copilot: A preliminary study,"M Leotta, HZ Yousaf, F Ricca, B Garcia - Proceedings of the 28th …, 2024",2026,dl.acm.org,String A,EXCLUDE,EC4 - Không liên quan sinh test tự động BDD/Gherkin hoặc không dùng LLM,,
57,Um experimento comparativo da eficácia de diferentes LLM na geração de cenários Gherkin.,HNF SOUSA,2025,dspace.sti.ufcg.edu.br,String A,INCLUDE,,,
58,Exploring large language models for requirements on string values,"AA Babikian, B Chen… - … RElevant Requirements …, 2025",2026,ieeexplore.ieee.org,String A; String B,EXCLUDE,EC4 - Không liên quan sinh test tự động BDD/Gherkin hoặc không dùng LLM,,
59,Semantic-Contextual Automation of Scriptless BDD Testing for Intelligent Test Coverage Enhancement,"SS Murugan, M Balamurugan - 2025 6th International …, 2025",2026,ieeexplore.ieee.org,String A; String B,EXCLUDE,EC4 - Không liên quan sinh test tự động BDD/Gherkin hoặc không dùng LLM,,
60,"… Testing: Test scenario and case generation with an AI model (gpt-3.5-turbo) using Prompt engineering, Fine-tuning and Retrieval augmented generation …",G Adu,2024,erepo.uef.fi,String A,EXCLUDE,EC4 - Không liên quan sinh test tự động BDD/Gherkin hoặc không dùng LLM,,
61,Towards Automating User Story Classification with Large Language Models Using a Reuse-Oriented Taxonomy,"CEM de Souza, M Perkusich… - Simpósio Brasileiro de …, 2025",2026,sol.sbc.org.br,String A,INCLUDE,,,
62,VeriGen: An LLM-Augmented Framework for End-to-End Automation of Software Development Lifecycle-From Requirements Specifications to Code Generation,"MA Ahmed, MW Anwar, WH Butt, F Azam - IEEE Access, 2026",2026,ieeexplore.ieee.org,String A,EXCLUDE,EC4 - Không liên quan sinh test tự động BDD/Gherkin hoặc không dùng LLM,,
63,GUIDE: A Framework for Improving Functional Software Test Descriptions with Language Models,"M Ronzon, T Roger, Z Miklos… - Proceedings of the 8th …, 2025",2026,aclanthology.org,String A; String B,EXCLUDE,EC4 - Không liên quan sinh test tự động BDD/Gherkin hoặc không dùng LLM,,
64,GenAI-based test case generation and execution in SDV platform,"D Zyberaj, L Mazur, N Petrovic, P Verma… - arXiv preprint arXiv …, 2025",2026,arxiv.org,String A; String B,EXCLUDE,EC4 - Không liên quan sinh test tự động BDD/Gherkin hoặc không dùng LLM,,
65,Enhancing security control production with generative AI,"C Ling, M Ghashami, V Gao, A Torkamani… - arXiv preprint arXiv …, 2024",2026,arxiv.org,String A,EXCLUDE,EC4 - Không liên quan sinh test tự động BDD/Gherkin hoặc không dùng LLM,,
66,Large Language Model (LLM)-Based Automation for Software Test Script Generation,"S Kavuri - Computer Fraud & Security, 2022",2026,researchgate.net,String A; String B,EXCLUDE,EC4 - Không liên quan sinh test tự động BDD/Gherkin hoặc không dùng LLM,,
67,Human-LLM Collaborations for Modeling Requirements-Based Testing: An Initial Investigation,A Golla,2026,rave.ohiolink.edu,String A; String B,EXCLUDE,EC4 - Không liên quan sinh test tự động BDD/Gherkin hoặc không dùng LLM,,
68,"Agile, development, testing: a rant that ends with ChatGPT",N Bartunek,2026,dev.to,String A; String B,EXCLUDE,EC4 - Không liên quan sinh test tự động BDD/Gherkin hoặc không dùng LLM,,
69,Impact of Large Language Models on Software Development Team's Work Processes: A Case Study of Product-Based Software Development Company,"E Adebayo, K Simakina",2025,diva-portal.org,String A,EXCLUDE,EC4 - Không liên quan sinh test tự động BDD/Gherkin hoặc không dùng LLM,,
70,Interlinking user stories and GUI prototyping: A semi-automatic LLM-based approach,"K Kolthoff, F Kretzer, C Bartelt… - … Requirements …, 2024",2026,ieeexplore.ieee.org,String A,UNSURE,Không rõ bài nghiên cứu có số liệu kết quả thực nghiệm chi tiết không,,
71,XTestGen: Natural Language to Maintainable E2E Test Scripts with LLMs,"H Kirinuki, M Tajima… - 2025 IEEE International …, 2025",2026,ieeexplore.ieee.org,String A; String B,EXCLUDE,EC4 - Không liên quan sinh test tự động BDD/Gherkin hoặc không dùng LLM,,
72,PROMPTING STRATEGIES FOR LARGE LANGUAGE MODELS IN REQUIREMENTS ELICITATION,N Ali,2025,trepo.tuni.fi,String A,EXCLUDE,EC4 - Không liên quan sinh test tự động BDD/Gherkin hoặc không dùng LLM,,
73,Automated test plan generation using large language models,"S Haldar, LF Capretz - Software Quality Journal, 2026",2026,Springer,String A; String B,EXCLUDE,EC4 - Không liên quan sinh test tự động BDD/Gherkin hoặc không dùng LLM,,
74,Integrating the capabilities offered by large language models into the requirements engineering process,"A Stein, A Mirzai, J Axmann, T Vietor - Digital Engineering, 2026",2026,Elsevier,String A,EXCLUDE,EC4 - Không liên quan sinh test tự động BDD/Gherkin hoặc không dùng LLM,,
75,Optimizing the creation and maintenance of automated end-to-end tests for web application testing,T Maunu,2025,aaltodoc.aalto.fi,String A,EXCLUDE,EC4 - Không liên quan sinh test tự động BDD/Gherkin hoặc không dùng LLM,,
76,Transforming user story definition: From deterministic to AI-powered automation.,"AP AVASILOAIE, A SEMENESCU… - Romanian Journal of …, 2025",2026,rria.ici.ro,String A,EXCLUDE,EC4 - Không liên quan sinh test tự động BDD/Gherkin hoặc không dùng LLM,,
77,Large language model-brained gui agents: A survey,"C Zhang, S He, J Qian, B Li, L Li, S Qin, Y Kang… - arXiv preprint arXiv …, 2024",2026,arxiv.org,String A; String B,EXCLUDE,EC4 - Không liên quan sinh test tự động BDD/Gherkin hoặc không dùng LLM,,
78,Designing a Domain-Specific Language to Address Challenges in Automated Web Testing,"M Widell, P Sadrian - LU-CS-EX, 2025",2026,lup.lub.lu.se,String A,EXCLUDE,EC4 - Không liên quan sinh test tự động BDD/Gherkin hoặc không dùng LLM,,
79,Req2Road: A GenAI Pipeline for SDV Test Artifact Generation and On-Vehicle Execution,"D Zyberaj, L Mazur, P Hirmer, N Petrovic… - arXiv preprint arXiv …, 2026",2026,arxiv.org,String A; String B,EXCLUDE,EC4 - Không liên quan sinh test tự động BDD/Gherkin hoặc không dùng LLM,,
80,Evaluasi Teknik Prompting pada Large Language Model untuk Otomatisasi Penyusunan Skenario Unit Testing Smart Contract,"S El Farisi, FA Marva - Jurnal Teknologi Informasi dan …, 2026",2026,journal.sekawan-org.id,String A; String B,EXCLUDE,EC4 - Không liên quan sinh test tự động BDD/Gherkin hoặc không dùng LLM,,
81,Project Prometheus: Bridging the Intent Gap in Agentic Program Repair via Reverse-Engineered Executable Specifications,"Y Wang, Z Huang - arXiv preprint arXiv:2604.17464, 2026",2026,arxiv.org,String A,EXCLUDE,EC4 - Không liên quan sinh test tự động BDD/Gherkin hoặc không dùng LLM,,
82,AI driven Test Scenario Generator,"A Chatterjee - 2025 5th International Conference on …, 2025",2026,ieeexplore.ieee.org,String A; String B,EXCLUDE,EC4 - Không liên quan sinh test tự động BDD/Gherkin hoặc không dùng LLM,,
83,AutoQALLMs: Automating Web Application Testing Using Large Language Models (LLMs) and Selenium,"S Mallipeddi, M Yaqoob, JA Khan, T Mehmood… - Computers, 2025",2026,mdpi.com,String A; String B,EXCLUDE,EC4 - Không liên quan sinh test tự động BDD/Gherkin hoặc không dùng LLM,,
84,Automatic user story generation: a comprehensive systematic literature review,"CA dos Santos, K Bouchard… - International Journal of …, 2025",2026,Springer,String A,EXCLUDE,EC4 - Không liên quan sinh test tự động BDD/Gherkin hoặc không dùng LLM,,
85,Towards autoformalization of llm-generated outputs for requirement verification,"M Gupte - arXiv preprint arXiv:2511.11829, 2025",2026,arxiv.org,String A,EXCLUDE,EC4 - Không liên quan sinh test tự động BDD/Gherkin hoặc không dùng LLM,,
86,"Finding Duplicates in 1.1 M BDD Steps: cukereuse, a Paraphrase-Robust Static Detector for Cucumber and Gherkin","AH Mughal, N Fatima, M Bilal - arXiv preprint arXiv:2604.20462, 2026",2026,arxiv.org,String A; String B,EXCLUDE,EC4 - Không liên quan sinh test tự động BDD/Gherkin hoặc không dùng LLM,,
87,Context-Aware Behavior-Driven Pipeline Generation,"P Gunathilaka, D Senadheera, S Perara… - … on Digital Forensics …, 2025",2026,ieeexplore.ieee.org,String A,EXCLUDE,EC4 - Không liên quan sinh test tự động BDD/Gherkin hoặc không dùng LLM,,
88,Api test case generation by extracting http requests during front-end testing,"YJ Guo, SP Ma, HJ Peng, YS Su - 2024 IEEE International …, 2024",2026,ieeexplore.ieee.org,String A; String B,EXCLUDE,EC4 - Không liên quan sinh test tự động BDD/Gherkin hoặc không dùng LLM,,
89,"Systems, Software and Services Process Improvement: 32nd European Conference, EuroSPI 2025, Riga, Latvia, September 17–19, 2025, Proceedings, Part I","M Yilmaz, P Clarke, A Riel, R Messnarz, M Zelmenis…",2025,books.google.com,String A; String B,EXCLUDE,EC4 - Không liên quan sinh test tự động BDD/Gherkin hoặc không dùng LLM,,
90,How I Used GPT-4 to Automatically Generate Test Cases from Functional Requirements in Healthcare Apps,PR Poola,2025,researchgate.net,String A; String B,EXCLUDE,EC4 - Không liên quan sinh test tự động BDD/Gherkin hoặc không dùng LLM,,
91,Intelligent test case generation from textual security requirements in SCRUM: an NLP-driven approach,"C Taras, Z Myroslav",2025,science.lpnu.ua,String A; String B,EXCLUDE,EC4 - Không liên quan sinh test tự động BDD/Gherkin hoặc không dùng LLM,,
92,Tracking the Evolution of Large Language Models in Requirements Elicitation and Analysis,"A Panigo, KP Bankoff, A Pasini, P Pesado - Argentine Congress of …, 2024",2026,Springer,String A,EXCLUDE,EC4 - Không liên quan sinh test tự động BDD/Gherkin hoặc không dùng LLM,,
93,Analyzing User Story Quality: A Systematic Review of Common Issues and Solutions.,"JV Oliveira, LM Fontoura - ICEIS (2), 2025",2026,scitepress.org,String A,EXCLUDE,EC4 - Không liên quan sinh test tự động BDD/Gherkin hoặc không dùng LLM,,
94,Cypress copilot: Development of an AI assistant for boosting productivity and transforming web application testing,"SB Nettur, S Karpurapu, U Nettur, LS Gajja - IEEE Access, 2024",2026,ieeexplore.ieee.org,String A; String B,EXCLUDE,EC4 - Không liên quan sinh test tự động BDD/Gherkin hoặc không dùng LLM,,
95,A comprehensive framework for low-code data-centric process management,AN Eldin,2025,theses.hal.science,String A,EXCLUDE,EC4 - Không liên quan sinh test tự động BDD/Gherkin hoặc không dùng LLM,,
96,Generative AI in Agile Software Development: A Comprehensive Survey,"NV Malladi, S Reddy - 2025 7th International Conference on …, 2025",2026,ieeexplore.ieee.org,String A,EXCLUDE,EC4 - Không liên quan sinh test tự động BDD/Gherkin hoặc không dùng LLM,,
97,Implementation of Test Automation Using GitHub Copilot for the Software Quality Process in Financial Companies,"JE Paz-Diaz, P Valerio, W Ticona - Computer Science On-line Conference, 2025",2026,Springer,String A; String B,EXCLUDE,EC4 - Không liên quan sinh test tự động BDD/Gherkin hoặc không dùng LLM,,
98,Large language models for software testing: A research roadmap,"C Augusto, A Bertolino, G De Angelis, F Lonetti… - arXiv preprint arXiv …, 2025",2026,arxiv.org,String A; String B,EXCLUDE,EC4 - Không liên quan sinh test tự động BDD/Gherkin hoặc không dùng LLM,,
99,Integrating Model-Driven Engineering and Large Language Models for Test Scenario Generation for Smart Contracts,"I Al-Azzoni, S Iqbal, T Al Ashkar, Z Erum - Information, 2025",2026,mdpi.com,String A; String B,EXCLUDE,EC4 - Không liên quan sinh test tự động BDD/Gherkin hoặc không dùng LLM,,
100,Personas for Model-based Testing,"B Budihala, J Michael, B Rumpe",2025,epub.uni-regensburg.de,String A,EXCLUDE,EC4 - Không liên quan sinh test tự động BDD/Gherkin hoặc không dùng LLM,,
101,Enhancing Legal Compliance and Regulation Analysis with Large Language Models,S Hassaniahari,2026,ruor.uottawa.ca,String A,EXCLUDE,EC4 - Không liên quan sinh test tự động BDD/Gherkin hoặc không dùng LLM,,
102,WaAgents: A Waterfall-Inspired Framework for Effective Multi-Agent Collaboration,"Z Cheng, YL Xiao, Q Huang, Z Zou, Z Xing, S Wang…",2026,openreview.net,String A,EXCLUDE,EC4 - Không liên quan sinh test tự động BDD/Gherkin hoặc không dùng LLM,,
103,GitHub Copilot for the Software Quality Process in Financial Companies,"JE Paz-Diaz¹, P Valerio¹, W Ticona - … : Emerging Trends and …, 2025",2026,books.google.com,String A; String B,EXCLUDE,EC4 - Không liên quan sinh test tự động BDD/Gherkin hoặc không dùng LLM,,
104,Connecting Requirements Engineering to Agentic Development,"J Kawelke, T Niebisch - … Real-World Impact: From Structured Requirements …, 2026",2026,Springer,String A; String B,EXCLUDE,EC4 - Không liên quan sinh test tự động BDD/Gherkin hoặc không dùng LLM,,
105,Toward AI-assisted Framework for Agile Requirement Knowledge Management: Five-Stage Generative LLM Approach,"R Kruk, N Zhukovska - 2025 15th International Conference on …, 2025",2026,ieeexplore.ieee.org,String A,EXCLUDE,EC4 - Không liên quan sinh test tự động BDD/Gherkin hoặc không dùng LLM,,
106,Enhancing Requirements via Structured Formalization and Process‐State Consistency Validation: An LLM‐Assisted Test‐Driven Framework,"H Li, L Zheng - IET Software, 2025",2026,Wiley Online Library,String A,EXCLUDE,EC4 - Không liên quan sinh test tự động BDD/Gherkin hoặc không dùng LLM,,
107,A Test-Driven Approach for Refining Use Case Specifications of Software Requirements with LLMs,"H Li, L Zheng, Q Cai - International Conference on Formal Engineering …, 2025",2026,Springer,String A,EXCLUDE,EC4 - Không liên quan sinh test tự động BDD/Gherkin hoặc không dùng LLM,,
108,An efficient approach to represent enterprise web application structure using Large Language Model in the service of Intelligent Quality Engineering,"ZAH Ayon, G Husain, R Bisoi, W Rahman… - arXiv preprint arXiv …, 2025",2026,arxiv.org,String A; String B,EXCLUDE,EC4 - Không liên quan sinh test tự động BDD/Gherkin hoặc không dùng LLM,,
109,[TRÍCH DẪN] Aplicación de IA generativa para el mantenimiento de pruebas automáticas,I Ascó Cholbi,2025,Google Scholar,String A; String B,EXCLUDE,EC4 - Không liên quan sinh test tự động BDD/Gherkin hoặc không dùng LLM,,
110,Génération et affinement automatisés d'histoires utilisateurs agiles à partir de documents de conception (GDD) de jeux vidéo à l'aide de modèles de langage à grande …,W Khelifa,2025,constellation.uqac.ca,String A,EXCLUDE,EC4 - Không liên quan sinh test tự động BDD/Gherkin hoặc không dùng LLM,,
111,Semi-Automatic Generation of Production Exception Handling for Agile Process Guidance,H Blaess,2025,repositum.tuwien.at,String A,EXCLUDE,EC4 - Không liên quan sinh test tự động BDD/Gherkin hoặc không dùng LLM,,
112,VECTOR: A Structured Method for AI-Assisted Fullstack Software Development,"FM Glancszpigel - Available at SSRN 6516343, 2026",2026,papers.ssrn.com,String A,EXCLUDE,EC4 - Không liên quan sinh test tự động BDD/Gherkin hoặc không dùng LLM,,
113,SELF-LEARNING TEST AUTOMATION FRAMEWORKS USING REINFORCEMENT LEARNING AND LARGE LANGUAGE MODELS,J Greg,2025,researchgate.net,String A; String B,EXCLUDE,EC4 - Không liên quan sinh test tự động BDD/Gherkin hoặc không dùng LLM,,
114,Software testing with generative AI,M Winteringham,2024,books.google.com,String A,EXCLUDE,EC4 - Không liên quan sinh test tự động BDD/Gherkin hoặc không dùng LLM,,
115,The Specification as Quality Gate: Three Hypotheses on AI-Assisted Code Review,"C Zietsman - arXiv preprint arXiv:2603.25773, 2026",2026,arxiv.org,String A; String B,EXCLUDE,EC4 - Không liên quan sinh test tự động BDD/Gherkin hoặc không dùng LLM,,
116,"Evaluating LLM-Generated Test Scripts, Manual Test Development, and Capture-and-Replay Approaches for Testing XR Applications",SN Modarressi,2025,ucalgary.scholaris.ca,String A,EXCLUDE,EC4 - Không liên quan sinh test tự động BDD/Gherkin hoặc không dùng LLM,,
117,Prompt-Based REST API Test Amplification in Industry: An Experience Report,"T Bardakci, A Faes, M Beyazit, S Demeyr - arXiv preprint arXiv:2601.17903, 2026",2026,arxiv.org,String A,EXCLUDE,EC4 - Không liên quan sinh test tự động BDD/Gherkin hoặc không dùng LLM,,
118,GivenWhenThen: A Dataset of BDD Test Scenarios Mined from Open Source Projects,"LB de Alcântara Júnior, JE Montandon",2026,researchgate.net,String A; String B,EXCLUDE,EC4 - Không liên quan sinh test tự động BDD/Gherkin hoặc không dùng LLM,,
119,Chatgpt as a full-stack web developer,"V Liukko, A Knappe, T Anttila, J Hakala, J Ketola… - Generative AI for …, 2024",2026,Springer,String A,EXCLUDE,EC4 - Không liên quan sinh test tự động BDD/Gherkin hoặc không dùng LLM,,
120,How Software Testers Perceive Large Language Models: A Focus Group Study with Lexicometric Analysis,"I Silva, M Perkusich, D Albuquerque… - … de Engenharia de …, 2025",2026,sol.sbc.org.br,String A; String B,EXCLUDE,EC4 - Không liên quan sinh test tự động BDD/Gherkin hoặc không dùng LLM,,
121,Reducing Information Asymmetry in Software Product Management: An LLM-Based Reverse Engineering Framework,"E Surk, GG Menekse Dalveren, M Derawi - Applied Sciences, 2026",2026,mdpi.com,String A,EXCLUDE,EC4 - Không liên quan sinh test tự động BDD/Gherkin hoặc không dùng LLM,,
122,Large Language Models for Generating,"B Nast, T Arlt¹, J Dakowski¹… - … Information Systems: 26th …, 2026",2026,books.google.com,String A,EXCLUDE,EC4 - Không liên quan sinh test tự động BDD/Gherkin hoặc không dùng LLM,,
123,An Autonomous RL Agent Methodology for Dynamic Web UI Testing in a BDD Framework,"AH Mughal - arXiv preprint arXiv:2503.08464, 2025",2026,arxiv.org,String A; String B,EXCLUDE,EC4 - Không liên quan sinh test tự động BDD/Gherkin hoặc không dùng LLM,,
124,Generative artificial intelligence in agile software development processes: A literature review focused on user experience,"H Cornide-Reyes, D Monsalves, E Durán… - … Conference on Human …, 2025",2026,Springer,String A,EXCLUDE,EC4 - Không liên quan sinh test tự động BDD/Gherkin hoặc không dùng LLM,,
125,An LLM-Based System for Accessible and Personalized Scientific Communication,"M Rehman, A Petrillo, K Awasare - Procedia Computer Science, 2025",2026,Elsevier,String A,EXCLUDE,EC4 - Không liên quan sinh test tự động BDD/Gherkin hoặc không dùng LLM,,
126,Using Large Language Models for System Modeling: Current State and Future Implications,"C Fresemann, C Ellsel… - 2025 IEEE …, 2025",2026,ieeexplore.ieee.org,String A,EXCLUDE,EC4 - Không liên quan sinh test tự động BDD/Gherkin hoặc không dùng LLM,,
127,LLM-Driven Accessible Interface: A Model-Based Approach,"B Jerry, L Moreno, V Francisco, R Hervas - arXiv preprint arXiv …, 2026",2026,arxiv.org,String A,EXCLUDE,EC4 - Không liên quan sinh test tự động BDD/Gherkin hoặc không dùng LLM,,
128,"Unit test generation with GitHub Copilot, A Case Study",S Humalajoki,2024,utupub.fi,String A,EXCLUDE,EC4 - Không liên quan sinh test tự động BDD/Gherkin hoặc không dùng LLM,,
129,NLP4ReF: Requirements classification and forecasting: From model-based design to large language models,"J Peer, Y Mordecai, Y Reich - 2024 IEEE Aerospace …, 2024",2026,ieeexplore.ieee.org,String A,EXCLUDE,EC4 - Không liên quan sinh test tự động BDD/Gherkin hoặc không dùng LLM,,
130,AutoMT: A Multi-Agent LLM Framework for Automated Metamorphic Testing of Autonomous Driving Systems,"L Liang, C Tan, Y Deng, Y Cai, TY Chen… - arXiv preprint arXiv …, 2025",2026,arxiv.org,String A; String B,EXCLUDE,EC4 - Không liên quan sinh test tự động BDD/Gherkin hoặc không dùng LLM,,
131,[TRÍCH DẪN] Generating Test Cases Through Large Language Models,E Foley,2024,WORCESTER POLYTECHNIC …,String A; String B,EXCLUDE,EC4 - Không liên quan sinh test tự động BDD/Gherkin hoặc không dùng LLM,,
132,A Business Process-Centric Approach for LLM-Driven Functional Test Generation,"MP Trong, NT Son, VT Giang, BH Viet, DT Tung - IEEE Access, 2026",2026,ieeexplore.ieee.org,String A; String B,EXCLUDE,EC4 - Không liên quan sinh test tự động BDD/Gherkin hoặc không dùng LLM,,
133,Context of collaborative human-machine systems architecture design for enhanced functionality awareness and balanced command and control authority,"VK Marini, J Alfredson, P Krus - Swedish Aerospace Conference …, 2025",2026,ecp.ep.liu.se,String A,EXCLUDE,EC4 - Không liên quan sinh test tự động BDD/Gherkin hoặc không dùng LLM,,
134,Towards code generation from bdd test case specifications: A vision,"L Chemnitz, D Reichenbach, H Aldebes… - arXiv preprint arXiv …, 2023",2026,arxiv.org,String A; String B,EXCLUDE,EC4 - Không liên quan sinh test tự động BDD/Gherkin hoặc không dùng LLM,,
135,CodeProphet: A Predictive LLM Based Framework for Proactive Software Development Planning,"P Pisal, N Gupta, RR Ambavaram… - … , and Internet of …, 2025",2026,ieeexplore.ieee.org,String A; String B,EXCLUDE,EC4 - Không liên quan sinh test tự động BDD/Gherkin hoặc không dùng LLM,,
136,NL: Het gebruik van LLM-prompt engineering voor het vertalen van acceptatiecriteria naar functionele eisen,"IMVA BPMIT, KASK van der Kruk, LW Rutledge…",2026,research.ou.nl,String A,EXCLUDE,EC4 - Không liên quan sinh test tự động BDD/Gherkin hoặc không dùng LLM,,
137,A Test-Driven Approach for Refining Use Case,"H Li, L Zheng, Q Cai - … 2025, Hangzhou, China, November 10–13 …, 2025",2026,books.google.com,String A,EXCLUDE,EC4 - Không liên quan sinh test tự động BDD/Gherkin hoặc không dùng LLM,,
138,Swe-dev: Building software engineering agents with training and inference scaling,"H Wang, Z Hou, Y Wei, J Tang… - Findings of the …, 2025",2026,aclanthology.org,String A; String B,EXCLUDE,EC4 - Không liên quan sinh test tự động BDD/Gherkin hoặc không dùng LLM,,
139,"LLM-as-a-Judge for Scalable Test Coverage Evaluation: Accuracy, Operational Reliability, and Cost","D Huang, S Chew, A Dutkiewicz, Z Wang - arXiv preprint arXiv …, 2025",2026,arxiv.org,String A; String B,EXCLUDE,EC4 - Không liên quan sinh test tự động BDD/Gherkin hoặc không dùng LLM,,
140,Generating Abuse Stories and Misuse Cases using Large Language Models,"C Cheh, NSK Shing, R Lim… - 2024 Annual Computer …, 2024",2026,ieeexplore.ieee.org,String A,EXCLUDE,EC4 - Không liên quan sinh test tự động BDD/Gherkin hoặc không dùng LLM,,
141,The Productivity-Reliability Paradox: Specification-Driven Governance for AI-Augmented Software Development,"SE Farrag - arXiv preprint arXiv:2605.01160, 2026",2026,arxiv.org,String A; String B,EXCLUDE,EC4 - Không liên quan sinh test tự động BDD/Gherkin hoặc không dùng LLM,,
142,Reversa: A Reverse Documentation Engineering Framework for Converting Legacy Software into Operational Specifications for AI Agents,"SO de Macedo, RM da Costa - arXiv preprint arXiv:2605.18684, 2026",2026,arxiv.org,String A,EXCLUDE,EC4 - Không liên quan sinh test tự động BDD/Gherkin hoặc không dùng LLM,,
143,Bachelor's Thesis Computing Science,"D Elens, M Wessel, J Richards, J Jorna, E Poll",2025,cs.ru.nl,String A; String B,EXCLUDE,EC4 - Không liên quan sinh test tự động BDD/Gherkin hoặc không dùng LLM,,
144,Large language models for software engineering: Survey and open problems,"A Fan, B Gokkaya, M Harman… - 2023 IEEE/ACM …, 2023",2026,ieeexplore.ieee.org,String A,EXCLUDE,EC4 - Không liên quan sinh test tự động BDD/Gherkin hoặc không dùng LLM,,
145,Automated testing of the gui of a real-life engineering software using large language models,"T Rosenbach, D Heidrich… - 2025 IEEE International …, 2025",2026,ieeexplore.ieee.org,String A; String B,EXCLUDE,EC4 - Không liên quan sinh test tự động BDD/Gherkin hoặc không dùng LLM,,
146,Intent Based E2E Automated Test Case Generation for Web Applications Using LLM,"ZU Abideen, G Junxia - 2025 IEEE 49th Annual Computers …, 2025",2026,ieeexplore.ieee.org,String A; String B,EXCLUDE,EC4 - Không liên quan sinh test tự động BDD/Gherkin hoặc không dùng LLM,,
147,LLMs for Requirements Engineering: A Meta-Analysis on Trends and Challenges,"C Ciano, M Pelosi, A Del Prete, F Amato - … Information Networking and …",2026,books.google.com,String A,EXCLUDE,EC4 - Không liên quan sinh test tự động BDD/Gherkin hoặc không dùng LLM,,
148,An empirical evaluation of using large language models for automated unit test generation,"M Schäfer, S Nadi, A Eghbali… - IEEE Transactions on …, 2023",2026,ieeexplore.ieee.org,String A; String B,EXCLUDE,EC4 - Không liên quan sinh test tự động BDD/Gherkin hoặc không dùng LLM,,
149,Conceptual Framework for Integrating Generative AI into the Product Management Lifecycle,"F Ghazi, S Mariam",2026,researchgate.net,String A,EXCLUDE,EC4 - Không liên quan sinh test tự động BDD/Gherkin hoặc không dùng LLM,,
150,Towards Automated Software Testing-Applying TextGrad to Test Suite Generation using LLMs,M Gärtner,2026,sosy-lab.org,String A; String B,EXCLUDE,EC4 - Không liên quan sinh test tự động BDD/Gherkin hoặc không dùng LLM,,
151,Transforming Test Automation: AI-Driven Object Locator Extraction for Delphi-Based Applications,"MN Afatsun, Ö Keküllüoğlu… - 2025 9th International …, 2025",2026,ieeexplore.ieee.org,String A; String B,EXCLUDE,EC4 - Không liên quan sinh test tự động BDD/Gherkin hoặc không dùng LLM,,
152,LLM4TDG: test-driven generation of large language models based on enhanced constraint reasoning,"J Liu, R Liang, X Zhu, Y Zhang, Y Liu, Q Liu - Cybersecurity, 2025",2026,Springer,String A; String B,EXCLUDE,EC4 - Không liên quan sinh test tự động BDD/Gherkin hoặc không dùng LLM,,
153,LLM-Empowered Scriptless Functional Testing,"C Van Hooren, FP Ricós, S Bromuri… - … on Software Quality …, 2025",2026,ieeexplore.ieee.org,String A,EXCLUDE,EC4 - Không liên quan sinh test tự động BDD/Gherkin hoặc không dùng LLM,,
154,Technique to Baseline QE Artefact Generation Aligned to Quality Metrics,"E Farchi, K Nayak, PG Majumdar, S Route - arXiv preprint arXiv …, 2025",2026,arxiv.org,String A,EXCLUDE,EC4 - Không liên quan sinh test tự động BDD/Gherkin hoặc không dùng LLM,,
155,Bidirectional Empowerment of Metamorphic Testing and Large Language Models: A Systematic Survey,"Z Zheng, Z Zhou, Y Xu, D Ren, TY Chen - arXiv preprint arXiv:2605.13898, 2026",2026,arxiv.org,String A; String B,EXCLUDE,EC4 - Không liên quan sinh test tự động BDD/Gherkin hoặc không dùng LLM,,
156,"Comparative Analysis of API Test Automation Frameworks: An Experimental Study on Performance, Reliability, and CI/CD",YR Shah,2026,researchgate.net,String A; String B,EXCLUDE,EC4 - Không liên quan sinh test tự động BDD/Gherkin hoặc không dùng LLM,,
157,Extending Test-driven development to Softwarized Networks and Intent Based Networking,"D Berardi, M Fontana, B Martini - 2025 21st International …, 2025",2026,ieeexplore.ieee.org,String A,EXCLUDE,EC4 - Không liên quan sinh test tự động BDD/Gherkin hoặc không dùng LLM,,
158,Automated Test Case Generation Using Machine Learning And Natural Language Processing,"AD MR, A Jabbar - 2025 International Conference on Intelligent …, 2025",2026,ieeexplore.ieee.org,String A,EXCLUDE,EC4 - Không liên quan sinh test tự động BDD/Gherkin hoặc không dùng LLM,,
159,LLM-Assisted Test Automation: A Cognitive Software Testing Framework Using Generative AI,"Ç Temel - TechRxiv, 2025",2026,academia.edu,String A; String B,EXCLUDE,EC4 - Không liên quan sinh test tự động BDD/Gherkin hoặc không dùng LLM,,
160,Towards generative AI-powered engineering of critical systems,"JP Koopman - TU Delft, 2025",2026,repository.tudelft.nl,String A,EXCLUDE,EC4 - Không liên quan sinh test tự động BDD/Gherkin hoặc không dùng LLM,,
161,Boosting LLM-based software generation by aligning code with requirements,"T Yaacov, A Elyasaf, G Weiss - … International Requirements …, 2024",2026,ieeexplore.ieee.org,String A,EXCLUDE,EC4 - Không liên quan sinh test tự động BDD/Gherkin hoặc không dùng LLM,,
162,Leveraging Large Language Model for Ambiguity Detection and Resolution in Software Requirements,A Raj,2024,search.proquest.com,String A,EXCLUDE,EC4 - Không liên quan sinh test tự động BDD/Gherkin hoặc không dùng LLM,,
163,Security Is Relative: Training-Free Vulnerability Detection via Multi-Agent Behavioral Contract Synthesis,"Y Wang, Z Huang - arXiv preprint arXiv:2604.19012, 2026",2026,arxiv.org,String A,EXCLUDE,EC4 - Không liên quan sinh test tự động BDD/Gherkin hoặc không dùng LLM,,
164,Evaluation-Driven Development and Operations of LLM Agents: A Process Model and Reference Architecture,"B Xia, Q Lu, L Zhu, Z Xing, D Zhao, H Zhang - arXiv preprint arXiv …, 2024",2026,arxiv.org,String A; String B,EXCLUDE,EC4 - Không liên quan sinh test tự động BDD/Gherkin hoặc không dùng LLM,,
165,Generative Artificial Intelligence for Software Development Using ISO/IEC 29110 Basic Profile: Gaps and Opportunities,"J Valdivia, D Mauricio, R Guzmán-Jiménez - IEEE Access, 2026",2026,ieeexplore.ieee.org,String A,EXCLUDE,EC4 - Không liên quan sinh test tự động BDD/Gherkin hoặc không dùng LLM,,
166,Early-Stage Product Line Validation Using LLMs: A Study on Semi-Formal Blueprint Analysis,"VM Le, TNT Tran, S Lubos, A Felfernig… - arXiv preprint arXiv …, 2026",2026,arxiv.org,String A,EXCLUDE,EC4 - Không liên quan sinh test tự động BDD/Gherkin hoặc không dùng LLM,,
167,LLM-AQuA-DiVeR: LLM-Assisted Quality Assurance Through Dialogues on Verifiable Specification with Requirement Owners,"S Mitani, S Moona, S Matsuo… - 2025 IEEE/ACM …, 2025",2026,ieeexplore.ieee.org,String A; String B,EXCLUDE,EC4 - Không liên quan sinh test tự động BDD/Gherkin hoặc không dùng LLM,,
168,The impact of LLM-generated models on novice domain modelers: a comparative experiment,"M Bragilovski, AT Van Can, F Dalpiaz… - Empirical Software …, 2026",2026,Springer,String A,EXCLUDE,EC4 - Không liên quan sinh test tự động BDD/Gherkin hoặc không dùng LLM,,
169,Text to model via SysML: Automated generation of dynamical system computational models from unstructured natural language text via enhanced System Modeling …,"MA Hendricks, A Cicirello - arXiv preprint arXiv:2507.06803, 2025",2026,arxiv.org,String A,EXCLUDE,EC4 - Không liên quan sinh test tự động BDD/Gherkin hoặc không dùng LLM,,
170,OrionTest: An Agentic AI Driven Automation,A Goel,2026,authorea.com,String A; String B,EXCLUDE,EC4 - Không liên quan sinh test tự động BDD/Gherkin hoặc không dùng LLM,,
171,Guidelines to Prompt Large Language Models for Code Generation: An Empirical Characterization,"A Midolo, A Giagnorio, F Zampetti, R Tufano… - arXiv preprint arXiv …, 2026",2026,arxiv.org,String A,EXCLUDE,EC4 - Không liên quan sinh test tự động BDD/Gherkin hoặc không dùng LLM,,
172,Completion of SysML state machines from Given–When–Then requirements: M. Stella de Biase et al.,"MS De Biase, S Bernardi, S Marrone… - Software and Systems …, 2024",2026,Springer,String A,EXCLUDE,EC4 - Không liên quan sinh test tự động BDD/Gherkin hoặc không dùng LLM,,
173,LLM-Empowered Event-Chain Driven Code Generation for ADAS in SDV systems,"N Petrovic, N Kroth, A Torschmied, Y Song… - arXiv preprint arXiv …, 2025",2026,arxiv.org,String A; String B,EXCLUDE,EC4 - Không liên quan sinh test tự động BDD/Gherkin hoặc không dùng LLM,,
174,Enhancing domain modeling with pre-trained large language models: an automated assistant for domain modelers,"D Prokop, Š Stenchlák, P Škoda, J Klímek… - … on Conceptual Modeling, 2024",2026,Springer,String A,EXCLUDE,EC4 - Không liên quan sinh test tự động BDD/Gherkin hoặc không dùng LLM,,
175,Multi-modal requirements data-based acceptance criteria generation using llms,"F Wang, C Arora, Y Liu, K Huang… - arXiv preprint arXiv …, 2025",2026,arxiv.org,String A; String B,INCLUDE,,,
176,User Story Automation in Software Engineering: insights from the literature,"FAM Domínguez, MA Quintana… - 2024 12th …, 2024",2026,ieeexplore.ieee.org,String A,EXCLUDE,EC4 - Không liên quan sinh test tự động BDD/Gherkin hoặc không dùng LLM,,
177,Automation of Polynomial Formal Verification using Large Language Models,"L Müller, K Qayyum, N Hugo, M Hassan, R Drechsler",2026,agra.informatik.uni-bremen.de,String A,EXCLUDE,EC4 - Không liên quan sinh test tự động BDD/Gherkin hoặc không dùng LLM,,
178,"Advancing Software Test Management, Effort Estimation, and Educational Practices with Predictive and Generative AI",S Haldar,2025,uwo.scholaris.ca,String A; String B,EXCLUDE,EC4 - Không liên quan sinh test tự động BDD/Gherkin hoặc không dùng LLM,,
179,Drivegpt4: Interpretable end-to-end autonomous driving via large language model,"Z Xu, Y Zhang, E Xie, Z Zhao, Y Guo… - IEEE Robotics and …, 2024",2026,ieeexplore.ieee.org,String A,EXCLUDE,EC4 - Không liên quan sinh test tự động BDD/Gherkin hoặc không dùng LLM,,
180,A survey on test case generation based on prompt engineering and large language models,"H Cui, M Zhao, D Li - … on AI-Generated Content (AIGC 2025), 2026",2026,spiedigitallibrary.org,String A; String B,EXCLUDE,EC4 - Không liên quan sinh test tự động BDD/Gherkin hoặc không dùng LLM,,
181,Using Large Language Models for Black-Box Testing of FMU-Based Simulations,"A Mughees, G Sudheerbabu, T Ahmad… - arXiv preprint arXiv …, 2026",2026,arxiv.org,String A,EXCLUDE,EC4 - Không liên quan sinh test tự động BDD/Gherkin hoặc không dùng LLM,,
182,Harnessing AI From Code Reusability to Business Requirement Translation,"V Ghaatki - AI Frameworks and Tools for Software Development, 2025",2026,igi-global.com,String A,EXCLUDE,EC4 - Không liên quan sinh test tự động BDD/Gherkin hoặc không dùng LLM,,
183,ASSURE: Metamorphic Testing for AI-powered Browser Extensions,"X Gao, J Zhai, S Ma, S Xie, C Shen - arXiv preprint arXiv:2507.05307, 2025",2026,arxiv.org,String A,EXCLUDE,EC4 - Không liên quan sinh test tự động BDD/Gherkin hoặc không dùng LLM,,
184,Using an AI chatbot to refine Gherkin specifications based on stakeholder comments,"J Shi, A Dryaev, K Schneider",2024,repo.uni-hannover.de,String A,EXCLUDE,EC4 - Không liên quan sinh test tự động BDD/Gherkin hoặc không dùng LLM,,
185,LLM-based MaSE,SH Zadeh,2025,hivelab-uoft.ca,String A,EXCLUDE,EC4 - Không liên quan sinh test tự động BDD/Gherkin hoặc không dùng LLM,,
186,POMify: Rifattorizzazione automatizzata dei test web end-to-end verso il modello Page Object Model,M Lepre,2026,unire.unige.it,String A,EXCLUDE,EC4 - Không liên quan sinh test tự động BDD/Gherkin hoặc không dùng LLM,,
187,Rapid End-to-End Test Generation and Hallucination Mitigation using Generative Artificial Intelligence,"C Barathidass, K Namburu - IEEE Access, 2026",2026,ieeexplore.ieee.org,String A; String B,EXCLUDE,EC4 - Không liên quan sinh test tự động BDD/Gherkin hoặc không dùng LLM,,
188,Software Unit Test Automation with LLM-Based Generative AI: Evaluating Test Quality through Code Coverage and Edge-Case Analysis,"S Genç, MF Ceylan, A İstanbullu - 2025 10th International …, 2025",2026,ieeexplore.ieee.org,String A; String B,EXCLUDE,EC4 - Không liên quan sinh test tự động BDD/Gherkin hoặc không dùng LLM,,
189,Towards LLM-based generation of human-readable proofs in polynomial formal verification,"R Drechsler - arXiv preprint arXiv:2505.23311, 2025",2026,arxiv.org,String A,EXCLUDE,EC4 - Không liên quan sinh test tự động BDD/Gherkin hoặc không dùng LLM,,
190,Uma investigação empírica da engenharia de prompts em LLMs como estratégia para a geração de histórias de usuário,MO Felipe,2026,repositorio.ufc.br,String A,EXCLUDE,EC4 - Không liên quan sinh test tự động BDD/Gherkin hoặc không dùng LLM,,
191,Behavior driven development for 3D games,"FP Ricós, B Marín, I Prasetya, TEJ Vos… - Data & Knowledge …, 2025",2026,Elsevier,String A,EXCLUDE,EC4 - Không liên quan sinh test tự động BDD/Gherkin hoặc không dùng LLM,,
192,TDFlow: Agentic Workflows for Test Driven Development,"K Han, S Maddikayala, T Knappe, O Patel… - arXiv preprint arXiv …, 2025",2026,arxiv.org,String A,EXCLUDE,EC4 - Không liên quan sinh test tự động BDD/Gherkin hoặc không dùng LLM,,
193,Generative language models potential for requirement engineering applications: insights into current strengths and limitations,"S Saleem, MN Asim, LV Elst, A Dengel - Complex & Intelligent Systems, 2025",2026,Springer,String A; String B,EXCLUDE,EC4 - Không liên quan sinh test tự động BDD/Gherkin hoặc không dùng LLM,,
194,"Developer experiences with a contextualized ai coding assistant: Usability, expectations, and outcomes","G Pinto, C De Souza, T Rocha, I Steinmacher… - Proceedings of the …, 2024",2026,dl.acm.org,String A,EXCLUDE,EC4 - Không liên quan sinh test tự động BDD/Gherkin hoặc không dùng LLM,,
195,Large Language Models for Generating ArchiMate Models,"B Nast, T Arlt, J Dakowski, K Sandkuhl - International Conference on …, 2026",2026,Springer,String A,EXCLUDE,EC4 - Không liên quan sinh test tự động BDD/Gherkin hoặc không dùng LLM,,
196,Object oriented BDD and executable human-language module specification,"E Lee, J Gong, Q Cao - 2023 26th ACIS International Winter …, 2023",2026,ieeexplore.ieee.org,String A; String B,EXCLUDE,EC4 - Không liên quan sinh test tự động BDD/Gherkin hoặc không dùng LLM,,
197,AI-Driven E2E testing and cucumber test generation: a GPT-powered approach for improved software quality and collaboration,"U Winkler - IEEE lnternational Conference on Advanced Trends in …, 2024",2026,Springer,String A; String B,EXCLUDE,EC4 - Không liên quan sinh test tự động BDD/Gherkin hoặc không dùng LLM,,
198,Exploring Visual Question Answering Capabilities of Multi-Modal Large Language Models with Model Based Systems Engineering Models,"R Bell, R Longshore, R Madachy",2025,dair.nps.edu,String A,EXCLUDE,EC4 - Không liên quan sinh test tự động BDD/Gherkin hoặc không dùng LLM,,
199,Large-language-model-based building-information-model alignment for automatic-compliance-checking: towards closing the gap between model authoring and …,"U Saluz, I Baimuratov, P Geyer",2025,strathprints.strath.ac.uk,String A,EXCLUDE,EC4 - Không liên quan sinh test tự động BDD/Gherkin hoặc không dùng LLM,,
200,An AI-Based Human-Centered Approach to Support Multidisciplinary Requirements Engineering,A Salmani,2023,ucalgary.scholaris.ca,String A,EXCLUDE,EC4 - Không liên quan sinh test tự động BDD/Gherkin hoặc không dùng LLM,,
201,Unit test generation multi-agent ai system for enhancing software documentation and code coverage,"D Stojanović, B Pavković, N Četić… - 2024 32nd …, 2024",2026,ieeexplore.ieee.org,String A; String B,EXCLUDE,EC4 - Không liên quan sinh test tự động BDD/Gherkin hoặc không dùng LLM,,
202,ARTeMIS: Agent-based Rewriting and Test Case Management with Intelligent Supervision,"G Carvalho, AD Peralta, A Carvalho… - Simpósio Brasileiro de …, 2025",2026,sol.sbc.org.br,String A,EXCLUDE,EC4 - Không liên quan sinh test tự động BDD/Gherkin hoặc không dùng LLM,,
203,An Empirical Study on Behaviour-Driven Development Scenarios to Support,"JP De la Rosa, J Solis, K Nakamori… - … Proceedings of ISRM …, 2024",2026,books.google.com,String A,EXCLUDE,EC4 - Không liên quan sinh test tự động BDD/Gherkin hoặc không dùng LLM,,
204,Toward Generation of Test Cases from Task Descriptions via History-aware Planning,"D Cao, P Nguyen, V Le, V Nguyen… - Available at SSRN …, 2025",2026,papers.ssrn.com,String A,EXCLUDE,EC4 - Không liên quan sinh test tự động BDD/Gherkin hoặc không dùng LLM,,
205,Image2Test: Using ChatGPT to build manual tests from screenshots,"M Aranda III, A Wagner, E Barros, M Ribeiro… - Simpósio Brasileiro de …, 2025",2026,sol.sbc.org.br,String A; String B,EXCLUDE,EC4 - Không liên quan sinh test tự động BDD/Gherkin hoặc không dùng LLM,,
206,Dolphins: Multimodal language model for driving,"Y Ma, Y Cao, J Sun, M Pavone, C Xiao - European Conference on …, 2024",2026,Springer,String A,EXCLUDE,EC4 - Không liên quan sinh test tự động BDD/Gherkin hoặc không dùng LLM,,
207,"AI-Driven Software Test Automation: An AI4SE-Oriented Survey of Techniques, Tools, and Challenges","A Faraji, N Pombo - IEEE Access, 2025",2026,ieeexplore.ieee.org,String A,EXCLUDE,EC4 - Không liên quan sinh test tự động BDD/Gherkin hoặc không dùng LLM,,
208,[TRÍCH DẪN] Enhancing Software Testing Efficiency with Generative AI and Large Language Models,M Neelapu - IJLRP-International Journal of Leading Research …,2026,IJLRP,String A,EXCLUDE,EC4 - Không liên quan sinh test tự động BDD/Gherkin hoặc không dùng LLM,,
209,Towards explainable AI: multi-modal transformer for video-based image description generation,"L Agarwal, B Verma - Signal, Image and Video Processing, 2026",2026,Springer,String A,EXCLUDE,EC4 - Không liên quan sinh test tự động BDD/Gherkin hoặc không dùng LLM,,
210,Análise de superfície de ataques aplicada a microsserviço,TBL Pimentel,2025,ri.ufs.br,String A,EXCLUDE,EC4 - Không liên quan sinh test tự động BDD/Gherkin hoặc không dùng LLM,,
211,Open-universe indoor scene generation using llm program synthesis and uncurated object databases,"R Aguina-Kang, M Gumin, DH Han, S Morris… - arXiv preprint arXiv …, 2024",2026,arxiv.org,String A,EXCLUDE,EC4 - Không liên quan sinh test tự động BDD/Gherkin hoặc không dùng LLM,,
212,Combining TSL and LLM to Automate REST API Testing: A Comparative Study,"T Barradas, A Paes, VO Neves - arXiv preprint arXiv:2509.05540, 2025",2026,arxiv.org,String A; String B,EXCLUDE,EC4 - Không liên quan sinh test tự động BDD/Gherkin hoặc không dùng LLM,,
213,An explainable end-to-end autonomous driving framework based on large language model and vision modality fusion: design and application of DriveLLM-V,"J Hou, H Wang, T Li, E Dong - Transportation Research Part C: Emerging …, 2025",2026,Elsevier,String A,EXCLUDE,EC4 - Không liên quan sinh test tự động BDD/Gherkin hoặc không dùng LLM,,
214,Constraint Decay: The Fragility of LLM Agents in Backend Code Generation,"F Dente, D Satriani, P Papotti - arXiv preprint arXiv:2605.06445, 2026",2026,arxiv.org,String A,EXCLUDE,EC4 - Không liên quan sinh test tự động BDD/Gherkin hoặc không dùng LLM,,
215,WebMAC: A Multi-Agent Collaborative Framework for Scenario Testing of Web Systems,"Z Wan, G Chen, Q Huang, X Xie - arXiv preprint arXiv:2604.13559, 2026",2026,arxiv.org,String A; String B,EXCLUDE,EC4 - Không liên quan sinh test tự động BDD/Gherkin hoặc không dùng LLM,,
216,AutoTestGen: Intelligent automated test case generation using GPT-3.5 Turbo,"S Riyaz, MI Ali, SV Yeshwanth, SS Kumar… - Sustainable Electrical …, 2025",2026,taylorfrancis.com,String A; String B,EXCLUDE,EC4 - Không liên quan sinh test tự động BDD/Gherkin hoặc không dùng LLM,,
217,Context-Augmented LLMs for End-to-End Requirements-to-Test Automation in Complex Software Systems,D Micheal,2022,researchgate.net,String A; String B,EXCLUDE,EC4 - Không liên quan sinh test tự động BDD/Gherkin hoặc không dùng LLM,,
218,A cloud–edge collaborative architecture for multimodal LLM-based advanced driver assistance systems in IoT networks,"Y Hu, D Ye, J Kang, M Wu, R Yu - IEEE Internet of Things …, 2024",2026,ieeexplore.ieee.org,String A,EXCLUDE,EC4 - Không liên quan sinh test tự động BDD/Gherkin hoặc không dùng LLM,,
219,Three decades of the OO-Method: fostering conceptual-model software engineering: O. Pastor et al.,"O Pastor, R Noel, JI Panach - Software and Systems Modeling, 2025",2026,Springer,String A,EXCLUDE,EC4 - Không liên quan sinh test tự động BDD/Gherkin hoặc không dùng LLM,,
220,The Role of LLMs in Collaborative Software Design,"V Jackson, Y Cha, R Prikladnicki… - arXiv preprint arXiv …, 2026",2026,arxiv.org,String A,EXCLUDE,EC4 - Không liên quan sinh test tự động BDD/Gherkin hoặc không dùng LLM,,
221,From Natural Language to Executable Properties for Property-based Testing of Mobile Apps,"Y Xiong, T Su, J Sun, J Wang, Q Li, G Pu… - arXiv preprint arXiv …, 2026",2026,arxiv.org,String A; String B,EXCLUDE,EC4 - Không liên quan sinh test tự động BDD/Gherkin hoặc không dùng LLM,,
222,BDD-GAN: a brocade image generation method via dual discriminator and feature fusion,"J Sheng, J Zhou, S Luo, Z Sun - Journal of Electronic Imaging, 2024",2026,spiedigitallibrary.org,String A,EXCLUDE,EC4 - Không liên quan sinh test tự động BDD/Gherkin hoặc không dùng LLM,,
223,"Llm-based multi-agent systems for software engineering: Literature review, vision, and the road ahead","J He, C Treude, D Lo - ACM Transactions on Software Engineering and …, 2025",2026,dl.acm.org,String A,EXCLUDE,EC4 - Không liên quan sinh test tự động BDD/Gherkin hoặc không dùng LLM,,
224,"When Prompt Engineering Meets Software Engineering: CNL-P as Natural and Robust"" APIs''for Human-AI Interaction","Z Xing, Y Liu, Z Cheng, Q Huang, D Zhao… - arXiv preprint arXiv …, 2025",2026,arxiv.org,String A,EXCLUDE,EC4 - Không liên quan sinh test tự động BDD/Gherkin hoặc không dùng LLM,,
225,Tracing feature tests to textual requirements,"M Dahiya, M Li, G Horton, T Scherz… - 2024 IEEE International …, 2024",2026,ieeexplore.ieee.org,String A,EXCLUDE,EC4 - Không liên quan sinh test tự động BDD/Gherkin hoặc không dùng LLM,,
226,Using github copilot for test generation in python: An empirical study,"K El Haji, C Brandt, A Zaidman - Proceedings of the 5th ACM/IEEE …, 2024",2026,dl.acm.org,String A,EXCLUDE,EC4 - Không liên quan sinh test tự động BDD/Gherkin hoặc không dùng LLM,,
227,"Artificial Intelligence in Software Testing: Test scenario and case generation with an AI model (gpt-3.5-turbo) using Prompt engineering, Fine-tuning and …",G Adu,2024,erepo.uef.fi,String B,EXCLUDE,EC4 - Không liên quan sinh test tự động BDD/Gherkin hoặc không dùng LLM,,
228,Utilização de Chat Bots baseados em LLMs para automação de testes de software.,CM Oliveira,2024,monografias.ufop.br,String B,EXCLUDE,EC4 - Không liên quan sinh test tự động BDD/Gherkin hoặc không dùng LLM,,
229,Detecting and correcting duplication in behaviour driven development specifications,LP Binamungu,2020,search.proquest.com,String B,EXCLUDE,EC4 - Không liên quan sinh test tự động BDD/Gherkin hoặc không dùng LLM,,
230,Improving test case diversity for functional testing in computer vision-based systems,"R Reyna Pena, S Simske, W Troxell, S Conrad…",2026,mountainscholar.org,String B,EXCLUDE,EC4 - Không liên quan sinh test tự động BDD/Gherkin hoặc không dùng LLM,,
231,"How Do Developers Use ChatGPT for Software Test Generation? Usage Patterns, Satisfaction, and Code Adoption Analysis","S He, W Zhan, J Wang, J Dai, H Chen… - 2025 32nd Asia …, 2025",2026,ieeexplore.ieee.org,String B,EXCLUDE,EC4 - Không liên quan sinh test tự động BDD/Gherkin hoặc không dùng LLM,,
232,Test automation with Selenium: A survey,"B García Gutiérrez, F Ricca, M Leotta…",2026,e-archivo.uc3m.es,String B,EXCLUDE,EC4 - Không liên quan sinh test tự động BDD/Gherkin hoặc không dùng LLM,,
233,AI or LLM assisted software testing: a mapping study,S Al Amin,2025,lutpub.lut.fi,String B,EXCLUDE,EC4 - Không liên quan sinh test tự động BDD/Gherkin hoặc không dùng LLM,,
234,Quality Evaluation of LLM-based Generated Test Case: A Literature Review,"N Setiani - 2025 IEEE International Conference on Data and …, 2025",2026,ieeexplore.ieee.org,String B,EXCLUDE,EC4 - Không liên quan sinh test tự động BDD/Gherkin hoặc không dùng LLM,,
235,The Test Pyramid 2.0: AI-assisted testing across the pyramid,"P Desai, S Singh, S Amilkanthwar - Frontiers in Artificial Intelligence, 2025",2026,frontiersin.org,String B,EXCLUDE,EC4 - Không liên quan sinh test tự động BDD/Gherkin hoặc không dùng LLM,,
236,Test case generation from natural language requirements for embedded systems with semantic role labeling,A Kugler,2025,publications.rwth-aachen.de,String B,EXCLUDE,EC4 - Không liên quan sinh test tự động BDD/Gherkin hoặc không dùng LLM,,
237,Enhancing the Software Development Life Cycle through Integration of Generative Artificial Intelligence,WLD Thilakarathna,2025,rda.sliit.lk,String B,EXCLUDE,EC4 - Không liên quan sinh test tự động BDD/Gherkin hoặc không dùng LLM,,
238,Exploring the Use of LLMs to Reduce the Discarding of MBT Test Cases,"CDQ Lima, ELG Alves, WL Andrade… - 2025 IEEE 49th Annual …, 2025",2026,ieeexplore.ieee.org,String B,EXCLUDE,EC4 - Không liên quan sinh test tự động BDD/Gherkin hoặc không dùng LLM,,
239,Are we testing or being tested? exploring the practical applications of large language models in software testing,"R Santos, I Santos, C Magalhaes… - … IEEE Conference on …, 2024",2026,ieeexplore.ieee.org,String B,EXCLUDE,EC4 - Không liên quan sinh test tự động BDD/Gherkin hoặc không dùng LLM,,
240,ChatGPT-like large language models for testing and verification of autonomous intelligent systems: a systematic review,"D Li, R Lin, Z Wang, YF Li - Journal of Reliability Science and …, 2026",2026,iopscience.iop.org,String B,EXCLUDE,EC4 - Không liên quan sinh test tự động BDD/Gherkin hoặc không dùng LLM,,
241,"[TRÍCH DẪN] Validate faster, develop smarter: A review of frontend testing best Practices and Frameworks",MK Dobbala,2023,Google Scholar,String B,EXCLUDE,EC4 - Không liên quan sinh test tự động BDD/Gherkin hoặc không dùng LLM,,
242,Towards Test Generation from Task Description for Mobile Testing with Multi-modal Reasoning,"H Huynh, H Phung, H Pham, TN Nguyen… - arXiv preprint arXiv …, 2025",2026,katalon.com,String B,EXCLUDE,EC4 - Không liên quan sinh test tự động BDD/Gherkin hoặc không dùng LLM,,
243,Genia-e2etest: A generative ai-based approach for end-to-end test automation,"E Júnior, A Valejo, J Valverde-Rebaza… - arXiv preprint arXiv …, 2025",2026,arxiv.org,String B,EXCLUDE,EC4 - Không liên quan sinh test tự động BDD/Gherkin hoặc không dùng LLM,,
244,WebTestPilot: Agentic End-to-End Web Testing against Natural Language Specification by Inferring Oracles with Symbolized GUI Elements,"X Teoh, Y Lin, DM Nguyen, R Ren, W Zhang… - arXiv preprint arXiv …, 2026",2026,arxiv.org,String B,EXCLUDE,EC4 - Không liên quan sinh test tự động BDD/Gherkin hoặc không dùng LLM,,
245,Enhancing software testing automation through large language models,YS Iznaga,2025,search.proquest.com,String B,EXCLUDE,EC4 - Không liên quan sinh test tự động BDD/Gherkin hoặc không dùng LLM,,
246,HyGen—A Hybrid Automation Testing Approach for Reducing Hallucination in LLM-Based Applications,"A Chakraborty, C Mallick, R Chakraborty… - … Conference on Data …, 2025",2026,Springer,String B,EXCLUDE,EC4 - Không liên quan sinh test tự động BDD/Gherkin hoặc không dùng LLM,,
247,Advancing Sustainable Quality Engineering: Preventative Test Approach with PreventativeTestPro GPT and Observability Data,"S Patel¹, K Patil¹, V Meshram - Proceedings of the International …, 2026",2026,books.google.com,String B,EXCLUDE,EC4 - Không liên quan sinh test tự động BDD/Gherkin hoặc không dùng LLM,,
248,Codeless and Scalable Solution For Microservice Test Automation,"A Chatterjee - 2025 5th International Conference on …, 2025",2026,ieeexplore.ieee.org,String B,EXCLUDE,EC4 - Không liên quan sinh test tự động BDD/Gherkin hoặc không dùng LLM,,
249,Overlap between automated unit and acceptance testing–a systematic literature review,"J van Heugten Breurkes, F Gilson… - Proceedings of the 26th …, 2022",2026,dl.acm.org,String B,EXCLUDE,EC4 - Không liên quan sinh test tự động BDD/Gherkin hoặc không dùng LLM,,
250,AI-Driven Acceptance Testing: first insights exploring the educational potential for test analysts,"CJL Maia, YPC Aguiar - Proceedings of the XXIII Brazilian Symposium …, 2024",2026,dl.acm.org,String B,INCLUDE,,,
251,Hamster: A Large-Scale Study and Characterization of Developer-Written Tests,"R Pan, T Stennett, R Pavuluri, N Levin, A Orso… - arXiv preprint arXiv …, 2025",2026,arxiv.org,String B,EXCLUDE,EC4 - Không liên quan sinh test tự động BDD/Gherkin hoặc không dùng LLM,,
252,[TRÍCH DẪN] Maximizing Comprehensive Test Coverage through Concurrent Execution Strategies in High-Performance Software Development Environments,D Gogri,2024,Google Scholar,String B,EXCLUDE,EC4 - Không liên quan sinh test tự động BDD/Gherkin hoặc không dùng LLM,,
253,A Systematic Reuse Process for Automated Acceptance Tests: Construction and Elementary Evaluation,"M Irshad, K Petersen - e-Informatica Software Engineering …, 2021",2026,bibliotekanauki.pl,String B,EXCLUDE,EC4 - Không liên quan sinh test tự động BDD/Gherkin hoặc không dùng LLM,,
254,Llm-based unit test generation via property retrieval,"Z Zhang, X Liu, Y Lin, X Gao, H Sun, Y Yuan - arXiv preprint arXiv …, 2024",2026,arxiv.org,String B,EXCLUDE,EC4 - Không liên quan sinh test tự động BDD/Gherkin hoặc không dùng LLM,,
255,ADAPTIVE NATURAL LANGUAGE PROCESSING-BASED TEST AUTOMATION FRAMEWORK: ENABLING SELF-HEALING AND CONTEXT-AWARE TEST …,"PS Samal, SK Palus, SK Padmam",2026,ijcionline.com,String B,EXCLUDE,EC4 - Không liên quan sinh test tự động BDD/Gherkin hoặc không dùng LLM,,
256,ABFS: Natural robustness testing for LLM-based NLP software,"M Xiao, Y Xiao, S Ji, Y Li, L Xue, P Zhang - arXiv preprint arXiv …, 2025",2026,arxiv.org,String B,EXCLUDE,EC4 - Không liên quan sinh test tự động BDD/Gherkin hoặc không dùng LLM,,
257,Quality Engineering for Agile and DevOps on the Cloud and Edge,"E Farchi, S Route - arXiv preprint arXiv:2302.03651, 2023",2026,arxiv.org,String B,EXCLUDE,EC4 - Không liên quan sinh test tự động BDD/Gherkin hoặc không dùng LLM,,
258,Reference-based retrieval-augmented unit test generation,"Z Zhang, X Liu, Y Lin, X Gao, H Sun… - ACM Transactions on …, 2026",2026,dl.acm.org,String B,EXCLUDE,EC4 - Không liên quan sinh test tự động BDD/Gherkin hoặc không dùng LLM,,
259,Implications and Advantages of AI Test Actualization in API Automated Software Testing,"A Karacholeva, M Petrov - International Conference on Flexible Query …, 2025",2026,Springer,String B,EXCLUDE,EC4 - Không liên quan sinh test tự động BDD/Gherkin hoặc không dùng LLM,,
260,"AI-Based Test Case Generation from Jira Stories, Swagger, or Code",P Palanisamy,2024,ijctjournal.org,String B,EXCLUDE,EC4 - Không liên quan sinh test tự động BDD/Gherkin hoặc không dùng LLM,,
261,[TRÍCH DẪN] Створення фреймворків для UI тестування на базі ChatGPT,ВВ Лавренко,2023,Google Scholar,String B,EXCLUDE,EC4 - Không liên quan sinh test tự động BDD/Gherkin hoặc không dùng LLM,,
262,An open-source framework for cross-platform testing in agile projects,"I Yanjari, B Marín, G Giachetti - 2022 41st International …, 2022",2026,ieeexplore.ieee.org,String B,EXCLUDE,EC4 - Không liên quan sinh test tự động BDD/Gherkin hoặc không dùng LLM,,
263,Comparative evaluation of the state-of-art requirements-based test case generation approaches,"A Mustafa, WMN Wan-Kadir… - International Journal on …, 2017",2026,researchgate.net,String B,EXCLUDE,EC4 - Không liên quan sinh test tự động BDD/Gherkin hoặc không dùng LLM,,
264,Automatic Testing Framework Based On Serenity And Jenkins Automated Build,"U Sa'adah, JAN Hasim, AA Yunanto… - JUTI: Jurnal Ilmiah …, 2021",2026,juti.if.its.ac.id,String B,EXCLUDE,EC4 - Không liên quan sinh test tự động BDD/Gherkin hoặc không dùng LLM,,
265,BRINGING NLP TO JAVA CODING-CHATGPT CODE DEVELOPER.,"A TĂBUȘCĂ, A LUCHICI… - Journal of Information …, 2024",2026,search.ebscohost.com,String B,EXCLUDE,EC4 - Không liên quan sinh test tự động BDD/Gherkin hoặc không dùng LLM,,
266,Analysis & detection of SQL injection vulnerabilities via automatic test case generation of programs,"M Ruse, T Sarkar, S Basu - 2010 10th IEEE/IPSJ International …, 2010",2026,ieeexplore.ieee.org,String B,EXCLUDE,EC4 - Không liên quan sinh test tự động BDD/Gherkin hoặc không dùng LLM,,
267,EyeNav: Accessible Webpage Interaction and Testing using Eye-tracking and NLP,"JD Yepes-Parra… - 2025 40th IEEE/ACM …, 2025",2026,ieeexplore.ieee.org,String B,EXCLUDE,EC4 - Không liên quan sinh test tự động BDD/Gherkin hoặc không dùng LLM,,
268,Generación automática de casos de prueba mediante modelos de lenguaje (LLM),"I Barahona Cánovas, G Contreras Gordo",2024,docta.ucm.es,String B,EXCLUDE,EC4 - Không liên quan sinh test tự động BDD/Gherkin hoặc không dùng LLM,,
269,Hallucination Detection for LLM-based Text-to-SQL Generation via Two-Stage Metamorphic Testing,"B Yang, Y Xia, W Sun, Y Liu - arXiv preprint arXiv:2512.22250, 2025",2026,arxiv.org,String B,EXCLUDE,EC4 - Không liên quan sinh test tự động BDD/Gherkin hoặc không dùng LLM,,
270,SAINT: Service-level Integration Test Generation with Program Analysis and LLM-based Agents,"R Pan, R Pavuluri, R Huang, R Krishna… - arXiv preprint arXiv …, 2025",2026,arxiv.org,String B,EXCLUDE,EC4 - Không liên quan sinh test tự động BDD/Gherkin hoặc không dùng LLM,,
271,Automated Unit Test Generation via Metaprogramming: A Deterministic Alternative to AI-Based Test Synthesis,"N Bhatt - … on Information, Implementation, and Innovation in …, 2025",2026,ieeexplore.ieee.org,String B,EXCLUDE,EC4 - Không liên quan sinh test tự động BDD/Gherkin hoặc không dùng LLM,,
272,Shift-Up: A Framework for Software Engineering Guardrails in AI-native Software Development--Initial Findings,"P Lipsanen, L Rannikko, F Christophe… - arXiv preprint arXiv …, 2026",2026,arxiv.org,String B,EXCLUDE,EC4 - Không liên quan sinh test tự động BDD/Gherkin hoặc không dùng LLM,,
273,Effectiveness of Artificial Intelligence in Automation Testing in Software Development Cycle,"W Haratua, FC Handoko, K Valentino… - 2025 International …, 2025",2026,ieeexplore.ieee.org,String B,EXCLUDE,EC4 - Không liên quan sinh test tự động BDD/Gherkin hoặc không dùng LLM,,
274,"Are"" solved issues"" in swe-bench really solved correctly? an empirical study","Y Wang, M Pradel, Z Liu - arXiv preprint arXiv:2503.15223, 2025",2026,arxiv.org,String B,EXCLUDE,EC4 - Không liên quan sinh test tự động BDD/Gherkin hoặc không dùng LLM,,
275,Automated testing of mobile applications: methodological foundations and a practical device farm solution,PH Kuroishi,2025,bdtd.ibict.br,String B,EXCLUDE,EC4 - Không liên quan sinh test tự động BDD/Gherkin hoặc không dùng LLM,,
276,Curiosity-driven red-teaming for large language models,"ZW Hong, I Shenfeld, J Wang… - International …, 2024",2026,proceedings.iclr.cc,String B,EXCLUDE,EC4 - Không liên quan sinh test tự động BDD/Gherkin hoặc không dùng LLM,,
277,An Automation Framework Based on System API to Improve the Execution Time and Reduce Test Flakiness,TS Chilke,2021,digitalcommons.library.uab.edu,String B,EXCLUDE,EC4 - Không liên quan sinh test tự động BDD/Gherkin hoặc không dùng LLM,,
278,"Advances in llms with focus on reasoning, adaptability, efficiency and ethics","A Khan, MZ Khan, A Zainab, S Jamshed… - arXiv preprint arXiv …, 2025",2026,arxiv.org,String B,EXCLUDE,EC4 - Không liên quan sinh test tự động BDD/Gherkin hoặc không dùng LLM,,
279,Integrating verification components,"L de Moura, S Owre, H Rueß… - Verified Software …, 2005",2026,leodemoura.github.io,String B,EXCLUDE,EC4 - Không liên quan sinh test tự động BDD/Gherkin hoặc không dùng LLM,,
280,A Survey on Large Language Model-empowered Autonomous Driving,"Y Zhu, S Wang, W Zhong, N Shen, Y Li, S Wang… - arXiv preprint arXiv …, 2024",2026,arxiv.org,String B,EXCLUDE,EC4 - Không liên quan sinh test tự động BDD/Gherkin hoặc không dùng LLM,,
281,АВТОМАТИЗОВАНА ГЕНЕРАЦІЯ ТЕСТОВИХ ВИПАДКІВ ПРОГРАМНОГО ЗАБЕЗПЕЧЕННЯ ЗА ДОПОМОГОЮ ВЕЛИКИХ МОВНИХ МОДЕЛЕЙ З …,"ЄА Чичкарьов, ОВ Семенов - … ТА ІНФОРМАЦІЙНІ ТЕХНОЛОГІЇ, 2025",2026,tit.duikt.edu.ua,String B,EXCLUDE,EC4 - Không liên quan sinh test tự động BDD/Gherkin hoặc không dùng LLM,,
282,STELP: Secure Transpilation and Execution of LLM-Generated Programs,"S Shinde, S Wadhwa, A Luo, A Gupta… - arXiv preprint arXiv …, 2026",2026,arxiv.org,String B,EXCLUDE,EC4 - Không liên quan sinh test tự động BDD/Gherkin hoặc không dùng LLM,,
283,"Advancing software testing: Integrating AI, machine learning, and emerging technologies","R Madhumita, D Chandana - environments, 2025",2026,academia.edu,String B,EXCLUDE,EC4 - Không liên quan sinh test tự động BDD/Gherkin hoặc không dùng LLM,,
284,Verifiable Cleanliness for LLMs: A Baseline Framework for Supply-Chain Auditability and Poison Resistance,"J Raser - Available at SSRN 5658750, 2025",2026,papers.ssrn.com,String B,EXCLUDE,EC4 - Không liên quan sinh test tự động BDD/Gherkin hoặc không dùng LLM,,
285,Design and evaluation of a Robot Framework-based test suite for the test editor feature of a Telecom Call Manager,L Kühnis,2026,lutpub.lut.fi,String B,EXCLUDE,EC4 - Không liên quan sinh test tự động BDD/Gherkin hoặc không dùng LLM,,
286,On sample-efficient code generation,"H Han, YJ Kim, B Kim, Y Lee, K Lee, K Lee… - Proceedings of the …, 2023",2026,aclanthology.org,String B,EXCLUDE,EC4 - Không liên quan sinh test tự động BDD/Gherkin hoặc không dùng LLM,,
287,LLM Agents for Autonomous System Testing: A Semi-structured Literature Review,"S Fischer, W Kloihofer - International Conference on Software Quality, 2026",2026,Springer,String B,EXCLUDE,EC4 - Không liên quan sinh test tự động BDD/Gherkin hoặc không dùng LLM,,
288,SATORI: Static Test Oracle Generation for REST APIs,"JC Alonso, A Martin-Lopez, S Segura, G Bavota… - arXiv preprint arXiv …, 2025",2026,arxiv.org,String B,EXCLUDE,EC4 - Không liên quan sinh test tự động BDD/Gherkin hoặc không dùng LLM,,
289,Can a Large Language Model Win a Kaggle Competition?,"I Gordyy, E Rendon, N Islam… - 2025 IEEE International …, 2025",2026,ieeexplore.ieee.org,String B,EXCLUDE,EC4 - Không liên quan sinh test tự động BDD/Gherkin hoặc không dùng LLM,,
290,"AI in GUI-Based Testing: A Survey of Techniques, Tools, and Perceived Advantages and Limitations","D Amalfitano, R Coppola, D Distante, F Ricca - Journal of Systems and …, 2025",2026,Elsevier,String B,EXCLUDE,EC4 - Không liên quan sinh test tự động BDD/Gherkin hoặc không dùng LLM,,
291,AI-driven test automation: Transforming software quality engineering,"JS Patel - Journal of Computer Science and Technology …, 2025",2026,al-kindipublishers.org,String B,EXCLUDE,EC4 - Không liên quan sinh test tự động BDD/Gherkin hoặc không dùng LLM,,
292,Agentic LLM-Driven Simulation Testing and Automated Analysis for Small Uncrewed Aerial Systems,"J Garapati, A Shah, B Zhang, M Vierhauser… - Available at SSRN …",2026,papers.ssrn.com,String B,EXCLUDE,EC4 - Không liên quan sinh test tự động BDD/Gherkin hoặc không dùng LLM,,
293,Generative AI for software test modelling with a focus on ERP software,"A Garg, D Sharma - 2023 International Conference on …, 2023",2026,ieeexplore.ieee.org,String B,EXCLUDE,EC4 - Không liên quan sinh test tự động BDD/Gherkin hoặc không dùng LLM,,
294,PreventativeTestPro: A Scalable Hybrid Testing Framework Utilizing Observability and Generative AI for Proactive Software Quality Engineering,"S Patel, K Patil, V Meshram, P Chumchu - JoVE (Journal of Visualized …, 2026",2026,jove.com,String B,EXCLUDE,EC4 - Không liên quan sinh test tự động BDD/Gherkin hoặc không dùng LLM,,
295,Part 1. Why AI-Enhanced BDD is the Future of Test Automation,WTSF Short,2026,generativeai.pub,String B,EXCLUDE,EC4 - Không liên quan sinh test tự động BDD/Gherkin hoặc không dùng LLM,,
296,Pcart: Automated repair of python api parameter compatibility issues,"S Zhang, G Xiao, J Wang, H Lei, G He… - IEEE Transactions …, 2025",2026,ieeexplore.ieee.org,String B,EXCLUDE,EC4 - Không liên quan sinh test tự động BDD/Gherkin hoặc không dùng LLM,,
297,Beyond snippet assistance: A workflow-centric framework for end-to-end ai-driven code generation,"V Sonkin, C Tudose - Computers, 2025",2026,mdpi.com,String B,EXCLUDE,EC4 - Không liên quan sinh test tự động BDD/Gherkin hoặc không dùng LLM,,
298,Test case generation and fault diagnosis methods for communication protocols based on FSM and EFSM models,R Thavasinadar,1994,spectrum.library.concordia.ca,String B,EXCLUDE,EC4 - Không liên quan sinh test tự động BDD/Gherkin hoặc không dùng LLM,,
299,Metamorphic relation generation: State of the art and visions for future research,"R Li, H Liu, PL Poon, D Towey, CA Sun… - arXiv preprint arXiv …, 2024",2026,arxiv.org,String B,EXCLUDE,EC4 - Không liên quan sinh test tự động BDD/Gherkin hoặc không dùng LLM,,
300,Bigcodebench: Benchmarking code generation with diverse function calls and complex instructions,"TY Zhuo, MC Vu, J Chim, H Hu, W Yu… - International …, 2025",2026,proceedings.iclr.cc,String B,EXCLUDE,EC4 - Không liên quan sinh test tự động BDD/Gherkin hoặc không dùng LLM,,
301,[TRÍCH DẪN] Teste de aceitação gerado por Inteligência Artificial: um estudo exploratório sobre seu potencial de uso por analistas de teste,CJL Maia,2023,Universidade Federal da Paraíba,String B,EXCLUDE,EC4 - Không liên quan sinh test tự động BDD/Gherkin hoặc không dùng LLM,,
